,id,Target
0,1,Graduate
1,2,Dropout
2,3,Graduate
3,4,Graduate
4,5,Enrolled
5,6,Dropout
6,7,Dropout
7,8,Dropout
8,9,Dropout
9,10,Enrolled
10,11,Dropout
11,12,Graduate
12,13,Dropout
13,14,Graduate
14,15,Dropout
15,16,Graduate
16,17,Dropout
17,18,Graduate
18,19,Enrolled
19,20,Graduate
20,21,Graduate
21,22,Graduate
22,23,Dropout
23,24,Dropout
24,25,Graduate
25,26,Dropout
26,27,Graduate
27,28,Enrolled
28,29,Dropout
29,30,Graduate
30,31,Dropout
31,32,Enrolled
32,33,Dropout
33,34,Graduate
34,35,Graduate
35,36,Graduate
36,37,Graduate
37,38,Dropout
38,39,Dropout
39,40,Dropout
40,41,Enrolled
41,42,Graduate
42,43,Enrolled
43,44,Enrolled
44,45,Graduate
45,46,Dropout
46,47,Dropout
47,48,Dropout
48,49,Graduate
49,50,Graduate
50,51,Enrolled
51,52,Graduate
52,53,Dropout
53,54,Dropout
54,55,Enrolled
55,56,Graduate
56,57,Dropout
57,58,Graduate
58,59,Graduate
59,60,Enrolled
60,61,Graduate
61,62,Dropout
62,63,Dropout
63,64,Graduate
64,65,Enrolled
65,66,Graduate
66,67,Graduate
67,68,Graduate
68,69,Graduate
69,70,Enrolled
70,71,Dropout
71,72,Dropout
72,73,Dropout
73,74,Graduate
74,75,Enrolled
75,76,Dropout
76,77,Graduate
77,78,Dropout
78,79,Dropout
79,80,Graduate
80,81,Dropout
81,82,Graduate
82,83,Dropout
83,84,Graduate
84,85,Dropout
85,86,Dropout
86,87,Dropout
87,88,Graduate
88,89,Graduate
89,90,Enrolled
90,91,Dropout
91,92,Dropout
92,93,Graduate
93,94,Dropout
94,95,Graduate
95,96,Graduate
96,97,Graduate
97,98,Graduate
98,99,Enrolled
99,100,Graduate
100,101,Dropout
101,102,Enrolled
102,103,Graduate
103,104,Graduate
104,105,Enrolled
105,106,Graduate
106,107,Dropout
107,108,Graduate
108,109,Graduate
109,110,Enrolled
110,111,Graduate
111,112,Graduate
112,113,Enrolled
113,114,Dropout
114,115,Graduate
115,116,Graduate
116,117,Dropout
117,118,Dropout
118,119,Graduate
119,120,Graduate
120,121,Graduate
121,122,Dropout
122,123,Dropout
123,124,Graduate
124,125,Enrolled
125,126,Dropout
126,127,Dropout
127,128,Dropout
128,129,Graduate
129,130,Graduate
130,131,Graduate
131,132,Enrolled
132,133,Graduate
133,134,Dropout
134,135,Graduate
135,136,Enrolled
136,137,Graduate
137,138,Enrolled
138,139,Dropout
139,140,Graduate
140,141,Dropout
141,142,Dropout
142,143,Dropout
143,144,Dropout
144,145,Graduate
145,146,Graduate
146,147,Graduate
147,148,Dropout
148,149,Graduate
149,150,Dropout
150,151,Dropout
151,152,Graduate
152,153,Graduate
153,154,Dropout
154,155,Graduate
155,156,Graduate
156,157,Graduate
157,158,Enrolled
158,159,Graduate
159,160,Enrolled
160,161,Graduate
161,162,Graduate
162,163,Graduate
163,164,Graduate
164,165,Dropout
165,166,Graduate
166,167,Dropout
167,168,Graduate
168,169,Dropout
169,170,Enrolled
170,171,Graduate
171,172,Dropout
172,173,Graduate
173,174,Dropout
174,175,Graduate
175,176,Dropout
176,177,Graduate
177,178,Graduate
178,179,Enrolled
179,180,Graduate
180,181,Enrolled
181,182,Graduate
182,183,Graduate
183,184,Graduate
184,185,Graduate
185,186,Graduate
186,187,Graduate
187,188,Dropout
188,189,Graduate
189,190,Dropout
190,191,Enrolled
191,192,Dropout
192,193,Enrolled
193,194,Graduate
194,195,Dropout
195,196,Graduate
196,197,Graduate
197,198,Dropout
198,199,Graduate
199,200,Graduate
200,201,Enrolled
201,202,Graduate
202,203,Graduate
203,204,Dropout
204,205,Dropout
205,206,Dropout
206,207,Graduate
207,208,Graduate
208,209,Graduate
209,210,Enrolled
210,211,Graduate
211,212,Enrolled
212,213,Graduate
213,214,Enrolled
214,215,Graduate
215,216,Graduate
216,217,Graduate
217,218,Graduate
218,219,Graduate
219,220,Dropout
220,221,Dropout
221,222,Dropout
222,223,Dropout
223,224,Enrolled
224,225,Graduate
225,226,Dropout
226,227,Dropout
227,228,Graduate
228,229,Graduate
229,230,Dropout
230,231,Dropout
231,232,Graduate
232,233,Graduate
233,234,Enrolled
234,235,Graduate
235,236,Dropout
236,237,Graduate
237,238,Enrolled
238,239,Enrolled
239,240,Enrolled
240,241,Enrolled
241,242,Graduate
242,243,Dropout
243,244,Dropout
244,245,Graduate
245,246,Graduate
246,247,Enrolled
247,248,Graduate
248,249,Graduate
249,250,Enrolled
250,251,Dropout
251,252,Graduate
252,253,Dropout
253,254,Graduate
254,255,Graduate
255,256,Dropout
256,257,Enrolled
257,258,Enrolled
258,259,Enrolled
259,260,Graduate
260,261,Graduate
261,262,Graduate
262,263,Graduate
263,264,Graduate
264,265,Graduate
265,266,Enrolled
266,267,Graduate
267,268,Graduate
268,269,Dropout
269,270,Graduate
270,271,Graduate
271,272,Graduate
272,273,Graduate
273,274,Dropout
274,275,Graduate
275,276,Dropout
276,277,Graduate
277,278,Graduate
278,279,Graduate
279,280,Enrolled
280,281,Graduate
281,282,Dropout
282,283,Graduate
283,284,Enrolled
284,285,Graduate
285,286,Dropout
286,287,Graduate
287,288,Dropout
288,289,Enrolled
289,290,Graduate
290,291,Graduate
291,292,Graduate
292,293,Graduate
293,294,Graduate
294,295,Dropout
295,296,Enrolled
296,297,Dropout
297,298,Enrolled
298,299,Dropout
299,300,Graduate
300,301,Graduate
301,302,Graduate
302,303,Dropout
303,304,Dropout
304,305,Enrolled
305,306,Graduate
306,307,Graduate
307,308,Graduate
308,309,Enrolled
309,310,Dropout
310,311,Dropout
311,312,Enrolled
312,313,Graduate
313,314,Dropout
314,315,Dropout
315,316,Dropout
316,317,Graduate
317,318,Dropout
318,319,Graduate
319,320,Dropout
320,321,Graduate
321,322,Dropout
322,323,Graduate
323,324,Graduate
324,325,Graduate
325,326,Graduate
326,327,Enrolled
327,328,Graduate
328,329,Dropout
329,330,Graduate
330,331,Dropout
331,332,Graduate
332,333,Dropout
333,334,Dropout
334,335,Graduate
335,336,Graduate
336,337,Graduate
337,338,Graduate
338,339,Dropout
339,340,Enrolled
340,341,Graduate
341,342,Dropout
342,343,Graduate
343,344,Graduate
344,345,Graduate
345,346,Graduate
346,347,Graduate
347,348,Dropout
348,349,Graduate
349,350,Graduate
350,351,Graduate
351,352,Enrolled
352,353,Graduate
353,354,Graduate
354,355,Graduate
355,356,Graduate
356,357,Graduate
357,358,Dropout
358,359,Enrolled
359,360,Graduate
360,361,Dropout
361,362,Dropout
362,363,Dropout
363,364,Dropout
364,365,Graduate
365,366,Graduate
366,367,Enrolled
367,368,Enrolled
368,369,Graduate
369,370,Enrolled
370,371,Dropout
371,372,Dropout
372,373,Enrolled
373,374,Graduate
374,375,Graduate
375,376,Enrolled
376,377,Dropout
377,378,Graduate
378,379,Graduate
379,380,Dropout
380,381,Graduate
381,382,Enrolled
382,383,Graduate
383,384,Dropout
384,385,Dropout
385,386,Dropout
386,387,Dropout
387,388,Graduate
388,389,Graduate
389,390,Graduate
390,391,Graduate
391,392,Graduate
392,393,Graduate
393,394,Dropout
394,395,Dropout
395,396,Enrolled
396,397,Graduate
397,398,Graduate
398,399,Graduate
399,400,Dropout
400,401,Graduate
401,402,Graduate
402,403,Graduate
403,404,Graduate
404,405,Graduate
405,406,Dropout
406,407,Graduate
407,408,Enrolled
408,409,Graduate
409,410,Graduate
410,411,Graduate
411,412,Graduate
412,413,Dropout
413,414,Graduate
414,415,Enrolled
415,416,Enrolled
416,417,Graduate
417,418,Dropout
418,419,Graduate
419,420,Graduate
420,421,Graduate
421,422,Dropout
422,423,Graduate
423,424,Graduate
424,425,Dropout
425,426,Graduate
426,427,Enrolled
427,428,Enrolled
428,429,Enrolled
429,430,Graduate
430,431,Graduate
431,432,Dropout
432,433,Dropout
433,434,Graduate
434,435,Graduate
435,436,Graduate
436,437,Graduate
437,438,Graduate
438,439,Enrolled
439,440,Graduate
440,441,Graduate
441,442,Dropout
442,443,Dropout
443,444,Dropout
444,445,Dropout
445,446,Graduate
446,447,Graduate
447,448,Graduate
448,449,Graduate
449,450,Graduate
450,451,Dropout
451,452,Graduate
452,453,Dropout
453,454,Graduate
454,455,Graduate
455,456,Dropout
456,457,Enrolled
457,458,Graduate
458,459,Graduate
459,460,Graduate
460,461,Dropout
461,462,Graduate
462,463,Graduate
463,464,Graduate
464,465,Dropout
465,466,Graduate
466,467,Dropout
467,468,Graduate
468,469,Dropout
469,470,Graduate
470,471,Graduate
471,472,Graduate
472,473,Dropout
473,474,Graduate
474,475,Dropout
475,476,Enrolled
476,477,Dropout
477,478,Graduate
478,479,Enrolled
479,480,Enrolled
480,481,Enrolled
481,482,Enrolled
482,483,Graduate
483,484,Graduate
484,485,Graduate
485,486,Graduate
486,487,Graduate
487,488,Graduate
488,489,Dropout
489,490,Dropout
490,491,Graduate
491,492,Graduate
492,493,Graduate
493,494,Dropout
494,495,Enrolled
495,496,Enrolled
496,497,Graduate
497,498,Graduate
498,499,Graduate
499,500,Enrolled
500,501,Graduate
501,502,Dropout
502,503,Graduate
503,504,Dropout
504,505,Graduate
505,506,Dropout
506,507,Graduate
507,508,Graduate
508,509,Enrolled
509,510,Dropout
510,511,Dropout
511,512,Enrolled
512,513,Graduate
513,514,Enrolled
514,515,Graduate
515,516,Dropout
516,517,Graduate
517,518,Enrolled
518,519,Enrolled
519,520,Dropout
520,521,Graduate
521,522,Graduate
522,523,Dropout
523,524,Graduate
524,525,Dropout
525,526,Enrolled
526,527,Graduate
527,528,Enrolled
528,529,Dropout
529,530,Dropout
530,531,Graduate
531,532,Dropout
532,533,Graduate
533,534,Dropout
534,535,Graduate
535,536,Enrolled
536,537,Enrolled
537,538,Dropout
538,539,Enrolled
539,540,Dropout
540,541,Dropout
541,542,Graduate
542,543,Graduate
543,544,Graduate
544,545,Enrolled
545,546,Enrolled
546,547,Graduate
547,548,Graduate
548,549,Enrolled
549,550,Enrolled
550,551,Dropout
551,552,Graduate
552,553,Graduate
553,554,Graduate
554,555,Graduate
555,556,Dropout
556,557,Graduate
557,558,Graduate
558,559,Enrolled
559,560,Enrolled
560,561,Dropout
561,562,Dropout
562,563,Graduate
563,564,Graduate
564,565,Graduate
565,566,Graduate
566,567,Enrolled
567,568,Graduate
568,569,Enrolled
569,570,Graduate
570,571,Graduate
571,572,Graduate
572,573,Graduate
573,574,Dropout
574,575,Enrolled
575,576,Enrolled
576,577,Graduate
577,578,Graduate
578,579,Graduate
579,580,Graduate
580,581,Graduate
581,582,Graduate
582,583,Dropout
583,584,Graduate
584,585,Dropout
585,586,Dropout
586,587,Graduate
587,588,Graduate
588,589,Dropout
589,590,Graduate
590,591,Dropout
591,592,Graduate
592,593,Graduate
593,594,Dropout
594,595,Dropout
595,596,Dropout
596,597,Dropout
597,598,Dropout
598,599,Graduate
599,600,Dropout
600,601,Graduate
601,602,Dropout
602,603,Graduate
603,604,Enrolled
604,605,Dropout
605,606,Graduate
606,607,Dropout
607,608,Graduate
608,609,Enrolled
609,610,Dropout
610,611,Graduate
611,612,Enrolled
612,613,Graduate
613,614,Graduate
614,615,Graduate
615,616,Dropout
616,617,Graduate
617,618,Dropout
618,619,Enrolled
619,620,Graduate
620,621,Graduate
621,622,Graduate
622,623,Enrolled
623,624,Graduate
624,625,Graduate
625,626,Graduate
626,627,Graduate
627,628,Graduate
628,629,Dropout
629,630,Dropout
630,631,Graduate
631,632,Dropout
632,633,Dropout
633,634,Dropout
634,635,Dropout
635,636,Enrolled
636,637,Graduate
637,638,Enrolled
638,639,Dropout
639,640,Dropout
640,641,Graduate
641,642,Dropout
642,643,Graduate
643,644,Graduate
644,645,Dropout
645,646,Graduate
646,647,Enrolled
647,648,Graduate
648,649,Graduate
649,650,Graduate
650,651,Dropout
651,652,Dropout
652,653,Dropout
653,654,Enrolled
654,655,Graduate
655,656,Dropout
656,657,Dropout
657,658,Graduate
658,659,Dropout
659,660,Graduate
660,661,Graduate
661,662,Dropout
662,663,Graduate
663,664,Graduate
664,665,Enrolled
665,666,Enrolled
666,667,Graduate
667,668,Dropout
668,669,Graduate
669,670,Enrolled
670,671,Enrolled
671,672,Dropout
672,673,Graduate
673,674,Graduate
674,675,Graduate
675,676,Graduate
676,677,Graduate
677,678,Graduate
678,679,Dropout
679,680,Dropout
680,681,Enrolled
681,682,Graduate
682,683,Graduate
683,684,Dropout
684,685,Dropout
685,686,Dropout
686,687,Graduate
687,688,Graduate
688,689,Enrolled
689,690,Dropout
690,691,Enrolled
691,692,Dropout
692,693,Graduate
693,694,Graduate
694,695,Graduate
695,696,Dropout
696,697,Graduate
697,698,Graduate
698,699,Graduate
699,700,Graduate
700,701,Enrolled
701,702,Graduate
702,703,Enrolled
703,704,Enrolled
704,705,Dropout
705,706,Dropout
706,707,Graduate
707,708,Graduate
708,709,Graduate
709,710,Enrolled
710,711,Graduate
711,712,Graduate
712,713,Graduate
713,714,Graduate
714,715,Graduate
715,716,Graduate
716,717,Graduate
717,718,Enrolled
718,719,Dropout
719,720,Enrolled
720,721,Dropout
721,722,Graduate
722,723,Graduate
723,724,Dropout
724,725,Graduate
725,726,Graduate
726,727,Graduate
727,728,Graduate
728,729,Graduate
729,730,Graduate
730,731,Enrolled
731,732,Graduate
732,733,Dropout
733,734,Dropout
734,735,Graduate
735,736,Graduate
736,737,Dropout
737,738,Graduate
738,739,Dropout
739,740,Enrolled
740,741,Dropout
741,742,Graduate
742,743,Graduate
743,744,Dropout
744,745,Enrolled
745,746,Enrolled
746,747,Graduate
747,748,Graduate
748,749,Enrolled
749,750,Dropout
750,751,Dropout
751,752,Graduate
752,753,Enrolled
753,754,Enrolled
754,755,Dropout
755,756,Graduate
756,757,Graduate
757,758,Enrolled
758,759,Enrolled
759,760,Graduate
760,761,Dropout
761,762,Graduate
762,763,Graduate
763,764,Graduate
764,765,Graduate
765,766,Graduate
766,767,Enrolled
767,768,Graduate
768,769,Dropout
769,770,Graduate
770,771,Graduate
771,772,Graduate
772,773,Graduate
773,774,Graduate
774,775,Graduate
775,776,Dropout
776,777,Dropout
777,778,Enrolled
778,779,Enrolled
779,780,Graduate
780,781,Enrolled
781,782,Dropout
782,783,Graduate
783,784,Graduate
784,785,Graduate
785,786,Graduate
786,787,Enrolled
787,788,Dropout
788,789,Dropout
789,790,Graduate
790,791,Graduate
791,792,Dropout
792,793,Dropout
793,794,Graduate
794,795,Graduate
795,796,Graduate
796,797,Graduate
797,798,Enrolled
798,799,Dropout
799,800,Dropout
800,801,Graduate
801,802,Graduate
802,803,Dropout
803,804,Enrolled
804,805,Graduate
805,806,Enrolled
806,807,Graduate
807,808,Enrolled
808,809,Dropout
809,810,Graduate
810,811,Dropout
811,812,Enrolled
812,813,Dropout
813,814,Graduate
814,815,Dropout
815,816,Enrolled
816,817,Graduate
817,818,Dropout
818,819,Graduate
819,820,Graduate
820,821,Dropout
821,822,Graduate
822,823,Dropout
823,824,Graduate
824,825,Graduate
825,826,Graduate
826,827,Graduate
827,828,Graduate
828,829,Dropout
829,830,Dropout
830,831,Dropout
831,832,Graduate
832,833,Dropout
833,834,Dropout
834,835,Graduate
835,836,Dropout
836,837,Enrolled
837,838,Graduate
838,839,Enrolled
839,840,Dropout
840,841,Graduate
841,842,Graduate
842,843,Dropout
843,844,Enrolled
844,845,Graduate
845,846,Graduate
846,847,Dropout
847,848,Dropout
848,849,Graduate
849,850,Graduate
850,851,Enrolled
851,852,Graduate
852,853,Dropout
853,854,Graduate
854,855,Graduate
855,856,Dropout
856,857,Enrolled
857,858,Graduate
858,859,Enrolled
859,860,Graduate
860,861,Graduate
861,862,Graduate
862,863,Enrolled
863,864,Graduate
864,865,Graduate
865,866,Enrolled
866,867,Graduate
867,868,Dropout
868,869,Dropout
869,870,Graduate
870,871,Graduate
871,872,Graduate
872,873,Dropout
873,874,Graduate
874,875,Dropout
875,876,Graduate
876,877,Dropout
877,878,Dropout
878,879,Graduate
879,880,Enrolled
880,881,Graduate
881,882,Graduate
882,883,Dropout
883,884,Graduate
884,885,Graduate
885,886,Enrolled
886,887,Graduate
887,888,Dropout
888,889,Graduate
889,890,Graduate
890,891,Graduate
891,892,Enrolled
892,893,Graduate
893,894,Graduate
894,895,Dropout
895,896,Graduate
896,897,Enrolled
897,898,Dropout
898,899,Graduate
899,900,Dropout
900,901,Dropout
901,902,Graduate
902,903,Dropout
903,904,Graduate
904,905,Graduate
905,906,Graduate
906,907,Enrolled
907,908,Graduate
908,909,Graduate
909,910,Enrolled
910,911,Graduate
911,912,Dropout
912,913,Dropout
913,914,Dropout
914,915,Dropout
915,916,Enrolled
916,917,Graduate
917,918,Graduate
918,919,Graduate
919,920,Graduate
920,921,Dropout
921,922,Graduate
922,923,Dropout
923,924,Graduate
924,925,Graduate
925,926,Dropout
926,927,Dropout
927,928,Enrolled
928,929,Graduate
929,930,Graduate
930,931,Graduate
931,932,Graduate
932,933,Enrolled
933,934,Enrolled
934,935,Graduate
935,936,Dropout
936,937,Graduate
937,938,Graduate
938,939,Graduate
939,940,Graduate
940,941,Dropout
941,942,Dropout
942,943,Graduate
943,944,Graduate
944,945,Graduate
945,946,Enrolled
946,947,Graduate
947,948,Graduate
948,949,Graduate
949,950,Enrolled
950,951,Graduate
951,952,Graduate
952,953,Graduate
953,954,Enrolled
954,955,Dropout
955,956,Dropout
956,957,Graduate
957,958,Graduate
958,959,Graduate
959,960,Dropout
960,961,Graduate
961,962,Graduate
962,963,Dropout
963,964,Graduate
964,965,Dropout
965,966,Enrolled
966,967,Enrolled
967,968,Graduate
968,969,Dropout
969,970,Graduate
970,971,Enrolled
971,972,Dropout
972,973,Enrolled
973,974,Enrolled
974,975,Graduate
975,976,Graduate
976,977,Graduate
977,978,Graduate
978,979,Enrolled
979,980,Dropout
980,981,Enrolled
981,982,Dropout
982,983,Graduate
983,984,Dropout
984,985,Graduate
985,986,Enrolled
986,987,Dropout
987,988,Dropout
988,989,Dropout
989,990,Dropout
990,991,Graduate
991,992,Graduate
992,993,Dropout
993,994,Dropout
994,995,Graduate
995,996,Graduate
996,997,Graduate
997,998,Graduate
998,999,Dropout
999,1000,Dropout
1000,1001,Dropout
1001,1002,Dropout
1002,1003,Enrolled
1003,1004,Graduate
1004,1005,Graduate
1005,1006,Graduate
1006,1007,Graduate
1007,1008,Dropout
1008,1009,Dropout
1009,1010,Graduate
1010,1011,Enrolled
1011,1012,Dropout
1012,1013,Dropout
1013,1014,Enrolled
1014,1015,Graduate
1015,1016,Dropout
1016,1017,Graduate
1017,1018,Enrolled
1018,1019,Enrolled
1019,1020,Graduate
1020,1021,Dropout
1021,1022,Enrolled
1022,1023,Graduate
1023,1024,Enrolled
1024,1025,Graduate
1025,1026,Graduate
1026,1027,Dropout
1027,1028,Dropout
1028,1029,Dropout
1029,1030,Enrolled
1030,1031,Enrolled
1031,1032,Graduate
1032,1033,Graduate
1033,1034,Graduate
1034,1035,Dropout
1035,1036,Dropout
1036,1037,Enrolled
1037,1038,Dropout
1038,1039,Dropout
1039,1040,Dropout
1040,1041,Enrolled
1041,1042,Dropout
1042,1043,Graduate
1043,1044,Dropout
1044,1045,Dropout
1045,1046,Dropout
1046,1047,Enrolled
1047,1048,Graduate
1048,1049,Dropout
1049,1050,Dropout
1050,1051,Graduate
1051,1052,Enrolled
1052,1053,Graduate
1053,1054,Graduate
1054,1055,Enrolled
1055,1056,Graduate
1056,1057,Dropout
1057,1058,Dropout
1058,1059,Graduate
1059,1060,Enrolled
1060,1061,Dropout
1061,1062,Enrolled
1062,1063,Graduate
1063,1064,Enrolled
1064,1065,Graduate
1065,1066,Graduate
1066,1067,Graduate
1067,1068,Graduate
1068,1069,Graduate
1069,1070,Enrolled
1070,1071,Dropout
1071,1072,Enrolled
1072,1073,Graduate
1073,1074,Graduate
1074,1075,Dropout
1075,1076,Enrolled
1076,1077,Graduate
1077,1078,Dropout
1078,1079,Dropout
1079,1080,Graduate
1080,1081,Dropout
1081,1082,Graduate
1082,1083,Graduate
1083,1084,Dropout
1084,1085,Graduate
1085,1086,Enrolled
1086,1087,Graduate
1087,1088,Graduate
1088,1089,Graduate
1089,1090,Dropout
1090,1091,Graduate
1091,1092,Dropout
1092,1093,Graduate
1093,1094,Graduate
1094,1095,Graduate
1095,1096,Graduate
1096,1097,Graduate
1097,1098,Dropout
1098,1099,Enrolled
1099,1100,Dropout
1100,1101,Dropout
1101,1102,Enrolled
1102,1103,Dropout
1103,1104,Dropout
1104,1105,Graduate
1105,1106,Enrolled
1106,1107,Graduate
1107,1108,Graduate
1108,1109,Dropout
1109,1110,Enrolled
1110,1111,Graduate
1111,1112,Graduate
1112,1113,Dropout
1113,1114,Enrolled
1114,1115,Dropout
1115,1116,Dropout
1116,1117,Dropout
1117,1118,Enrolled
1118,1119,Graduate
1119,1120,Dropout
1120,1121,Enrolled
1121,1122,Dropout
1122,1123,Graduate
1123,1124,Graduate
1124,1125,Dropout
1125,1126,Graduate
1126,1127,Dropout
1127,1128,Dropout
1128,1129,Graduate
1129,1130,Dropout
1130,1131,Dropout
1131,1132,Enrolled
1132,1133,Dropout
1133,1134,Graduate
1134,1135,Dropout
1135,1136,Dropout
1136,1137,Graduate
1137,1138,Graduate
1138,1139,Graduate
1139,1140,Enrolled
1140,1141,Graduate
1141,1142,Enrolled
1142,1143,Enrolled
1143,1144,Graduate
1144,1145,Dropout
1145,1146,Dropout
1146,1147,Graduate
1147,1148,Enrolled
1148,1149,Dropout
1149,1150,Graduate
1150,1151,Graduate
1151,1152,Enrolled
1152,1153,Dropout
1153,1154,Graduate
1154,1155,Dropout
1155,1156,Dropout
1156,1157,Graduate
1157,1158,Enrolled
1158,1159,Enrolled
1159,1160,Enrolled
1160,1161,Graduate
1161,1162,Graduate
1162,1163,Graduate
1163,1164,Dropout
1164,1165,Dropout
1165,1166,Graduate
1166,1167,Graduate
1167,1168,Graduate
1168,1169,Enrolled
1169,1170,Graduate
1170,1171,Graduate
1171,1172,Graduate
1172,1173,Dropout
1173,1174,Graduate
1174,1175,Graduate
1175,1176,Graduate
1176,1177,Dropout
1177,1178,Graduate
1178,1179,Dropout
1179,1180,Dropout
1180,1181,Graduate
1181,1182,Graduate
1182,1183,Graduate
1183,1184,Dropout
1184,1185,Enrolled
1185,1186,Enrolled
1186,1187,Graduate
1187,1188,Graduate
1188,1189,Graduate
1189,1190,Graduate
1190,1191,Graduate
1191,1192,Enrolled
1192,1193,Dropout
1193,1194,Dropout
1194,1195,Graduate
1195,1196,Dropout
1196,1197,Dropout
1197,1198,Graduate
1198,1199,Graduate
1199,1200,Enrolled
1200,1201,Dropout
1201,1202,Graduate
1202,1203,Graduate
1203,1204,Graduate
1204,1205,Graduate
1205,1206,Graduate
1206,1207,Graduate
1207,1208,Graduate
1208,1209,Enrolled
1209,1210,Graduate
1210,1211,Graduate
1211,1212,Graduate
1212,1213,Graduate
1213,1214,Enrolled
1214,1215,Graduate
1215,1216,Graduate
1216,1217,Graduate
1217,1218,Graduate
1218,1219,Graduate
1219,1220,Graduate
1220,1221,Dropout
1221,1222,Dropout
1222,1223,Graduate
1223,1224,Dropout
1224,1225,Dropout
1225,1226,Dropout
1226,1227,Graduate
1227,1228,Dropout
1228,1229,Enrolled
1229,1230,Dropout
1230,1231,Dropout
1231,1232,Enrolled
1232,1233,Dropout
1233,1234,Graduate
1234,1235,Graduate
1235,1236,Dropout
1236,1237,Graduate
1237,1238,Graduate
1238,1239,Graduate
1239,1240,Graduate
1240,1241,Enrolled
1241,1242,Enrolled
1242,1243,Graduate
1243,1244,Dropout
1244,1245,Dropout
1245,1246,Dropout
1246,1247,Enrolled
1247,1248,Graduate
1248,1249,Graduate
1249,1250,Graduate
1250,1251,Graduate
1251,1252,Dropout
1252,1253,Graduate
1253,1254,Dropout
1254,1255,Graduate
1255,1256,Dropout
1256,1257,Dropout
1257,1258,Graduate
1258,1259,Dropout
1259,1260,Graduate
1260,1261,Dropout
1261,1262,Dropout
1262,1263,Dropout
1263,1264,Graduate
1264,1265,Dropout
1265,1266,Dropout
1266,1267,Graduate
1267,1268,Dropout
1268,1269,Dropout
1269,1270,Enrolled
1270,1271,Dropout
1271,1272,Graduate
1272,1273,Dropout
1273,1274,Graduate
1274,1275,Enrolled
1275,1276,Enrolled
1276,1277,Graduate
1277,1278,Graduate
1278,1279,Dropout
1279,1280,Dropout
1280,1281,Dropout
1281,1282,Graduate
1282,1283,Dropout
1283,1284,Graduate
1284,1285,Dropout
1285,1286,Graduate
1286,1287,Enrolled
1287,1288,Graduate
1288,1289,Graduate
1289,1290,Dropout
1290,1291,Enrolled
1291,1292,Dropout
1292,1293,Enrolled
1293,1294,Enrolled
1294,1295,Enrolled
1295,1296,Enrolled
1296,1297,Graduate
1297,1298,Graduate
1298,1299,Graduate
1299,1300,Graduate
1300,1301,Dropout
1301,1302,Graduate
1302,1303,Dropout
1303,1304,Dropout
1304,1305,Dropout
1305,1306,Graduate
1306,1307,Graduate
1307,1308,Dropout
1308,1309,Enrolled
1309,1310,Graduate
1310,1311,Dropout
1311,1312,Enrolled
1312,1313,Enrolled
1313,1314,Enrolled
1314,1315,Dropout
1315,1316,Dropout
1316,1317,Dropout
1317,1318,Graduate
1318,1319,Dropout
1319,1320,Dropout
1320,1321,Dropout
1321,1322,Graduate
1322,1323,Dropout
1323,1324,Graduate
1324,1325,Dropout
1325,1326,Dropout
1326,1327,Graduate
1327,1328,Graduate
1328,1329,Dropout
1329,1330,Graduate
1330,1331,Dropout
1331,1332,Dropout
1332,1333,Graduate
1333,1334,Graduate
1334,1335,Enrolled
1335,1336,Graduate
1336,1337,Dropout
1337,1338,Graduate
1338,1339,Graduate
1339,1340,Dropout
1340,1341,Graduate
1341,1342,Graduate
1342,1343,Dropout
1343,1344,Enrolled
1344,1345,Dropout
1345,1346,Dropout
1346,1347,Enrolled
1347,1348,Dropout
1348,1349,Graduate
1349,1350,Enrolled
1350,1351,Enrolled
1351,1352,Graduate
1352,1353,Graduate
1353,1354,Dropout
1354,1355,Dropout
1355,1356,Dropout
1356,1357,Graduate
1357,1358,Dropout
1358,1359,Dropout
1359,1360,Dropout
1360,1361,Dropout
1361,1362,Dropout
1362,1363,Dropout
1363,1364,Dropout
1364,1365,Enrolled
1365,1366,Dropout
1366,1367,Dropout
1367,1368,Graduate
1368,1369,Graduate
1369,1370,Enrolled
1370,1371,Dropout
1371,1372,Graduate
1372,1373,Enrolled
1373,1374,Graduate
1374,1375,Graduate
1375,1376,Graduate
1376,1377,Enrolled
1377,1378,Dropout
1378,1379,Graduate
1379,1380,Enrolled
1380,1381,Dropout
1381,1382,Enrolled
1382,1383,Dropout
1383,1384,Dropout
1384,1385,Dropout
1385,1386,Dropout
1386,1387,Graduate
1387,1388,Graduate
1388,1389,Graduate
1389,1390,Dropout
1390,1391,Graduate
1391,1392,Enrolled
1392,1393,Enrolled
1393,1394,Dropout
1394,1395,Enrolled
1395,1396,Dropout
1396,1397,Dropout
1397,1398,Graduate
1398,1399,Enrolled
1399,1400,Graduate
1400,1401,Graduate
1401,1402,Dropout
1402,1403,Enrolled
1403,1404,Enrolled
1404,1405,Dropout
1405,1406,Graduate
1406,1407,Graduate
1407,1408,Graduate
1408,1409,Graduate
1409,1410,Graduate
1410,1411,Graduate
1411,1412,Dropout
1412,1413,Enrolled
1413,1414,Graduate
1414,1415,Graduate
1415,1416,Graduate
1416,1417,Graduate
1417,1418,Enrolled
1418,1419,Graduate
1419,1420,Graduate
1420,1421,Dropout
1421,1422,Graduate
1422,1423,Enrolled
1423,1424,Graduate
1424,1425,Graduate
1425,1426,Graduate
1426,1427,Graduate
1427,1428,Graduate
1428,1429,Enrolled
1429,1430,Graduate
1430,1431,Dropout
1431,1432,Enrolled
1432,1433,Enrolled
1433,1434,Graduate
1434,1435,Graduate
1435,1436,Graduate
1436,1437,Graduate
1437,1438,Dropout
1438,1439,Graduate
1439,1440,Graduate
1440,1441,Enrolled
1441,1442,Graduate
1442,1443,Enrolled
1443,1444,Dropout
1444,1445,Dropout
1445,1446,Dropout
1446,1447,Enrolled
1447,1448,Graduate
1448,1449,Graduate
1449,1450,Enrolled
1450,1451,Graduate
1451,1452,Enrolled
1452,1453,Dropout
1453,1454,Graduate
1454,1455,Graduate
1455,1456,Graduate
1456,1457,Enrolled
1457,1458,Graduate
1458,1459,Graduate
1459,1460,Graduate
1460,1461,Graduate
1461,1462,Graduate
1462,1463,Dropout
1463,1464,Graduate
1464,1465,Dropout
1465,1466,Enrolled
1466,1467,Graduate
1467,1468,Dropout
1468,1469,Graduate
1469,1470,Enrolled
1470,1471,Graduate
1471,1472,Dropout
1472,1473,Graduate
1473,1474,Graduate
1474,1475,Graduate
1475,1476,Graduate
1476,1477,Graduate
1477,1478,Dropout
1478,1479,Enrolled
1479,1480,Graduate
1480,1481,Graduate
1481,1482,Graduate
1482,1483,Graduate
1483,1484,Graduate
1484,1485,Enrolled
1485,1486,Enrolled
1486,1487,Enrolled
1487,1488,Graduate
1488,1489,Dropout
1489,1490,Graduate
1490,1491,Dropout
1491,1492,Enrolled
1492,1493,Graduate
1493,1494,Graduate
1494,1495,Dropout
1495,1496,Graduate
1496,1497,Dropout
1497,1498,Dropout
1498,1499,Dropout
1499,1500,Enrolled
1500,1501,Graduate
1501,1502,Dropout
1502,1503,Enrolled
1503,1504,Dropout
1504,1505,Graduate
1505,1506,Graduate
1506,1507,Dropout
1507,1508,Dropout
1508,1509,Enrolled
1509,1510,Enrolled
1510,1511,Graduate
1511,1512,Graduate
1512,1513,Graduate
1513,1514,Dropout
1514,1515,Enrolled
1515,1516,Graduate
1516,1517,Enrolled
1517,1518,Graduate
1518,1519,Dropout
1519,1520,Dropout
1520,1521,Graduate
1521,1522,Graduate
1522,1523,Graduate
1523,1524,Dropout
1524,1525,Enrolled
1525,1526,Graduate
1526,1527,Dropout
1527,1528,Enrolled
1528,1529,Dropout
1529,1530,Enrolled
1530,1531,Dropout
1531,1532,Graduate
1532,1533,Dropout
1533,1534,Graduate
1534,1535,Enrolled
1535,1536,Dropout
1536,1537,Enrolled
1537,1538,Graduate
1538,1539,Dropout
1539,1540,Dropout
1540,1541,Dropout
1541,1542,Graduate
1542,1543,Dropout
1543,1544,Enrolled
1544,1545,Graduate
1545,1546,Graduate
1546,1547,Dropout
1547,1548,Graduate
1548,1549,Enrolled
1549,1550,Graduate
1550,1551,Graduate
1551,1552,Dropout
1552,1553,Graduate
1553,1554,Enrolled
1554,1555,Dropout
1555,1556,Dropout
1556,1557,Graduate
1557,1558,Dropout
1558,1559,Graduate
1559,1560,Graduate
1560,1561,Graduate
1561,1562,Dropout
1562,1563,Dropout
1563,1564,Graduate
1564,1565,Graduate
1565,1566,Graduate
1566,1567,Dropout
1567,1568,Enrolled
1568,1569,Graduate
1569,1570,Dropout
1570,1571,Enrolled
1571,1572,Dropout
1572,1573,Dropout
1573,1574,Graduate
1574,1575,Graduate
1575,1576,Dropout
1576,1577,Graduate
1577,1578,Graduate
1578,1579,Enrolled
1579,1580,Dropout
1580,1581,Graduate
1581,1582,Graduate
1582,1583,Dropout
1583,1584,Enrolled
1584,1585,Dropout
1585,1586,Graduate
1586,1587,Dropout
1587,1588,Enrolled
1588,1589,Dropout
1589,1590,Graduate
1590,1591,Graduate
1591,1592,Dropout
1592,1593,Graduate
1593,1594,Enrolled
1594,1595,Dropout
1595,1596,Dropout
1596,1597,Dropout
1597,1598,Dropout
1598,1599,Enrolled
1599,1600,Dropout
1600,1601,Enrolled
1601,1602,Dropout
1602,1603,Dropout
1603,1604,Graduate
1604,1605,Dropout
1605,1606,Enrolled
1606,1607,Graduate
1607,1608,Graduate
1608,1609,Graduate
1609,1610,Enrolled
1610,1611,Graduate
1611,1612,Enrolled
1612,1613,Dropout
1613,1614,Dropout
1614,1615,Dropout
1615,1616,Dropout
1616,1617,Graduate
1617,1618,Graduate
1618,1619,Dropout
1619,1620,Enrolled
1620,1621,Enrolled
1621,1622,Dropout
1622,1623,Enrolled
1623,1624,Dropout
1624,1625,Enrolled
1625,1626,Enrolled
1626,1627,Enrolled
1627,1628,Dropout
1628,1629,Dropout
1629,1630,Graduate
1630,1631,Graduate
1631,1632,Enrolled
1632,1633,Graduate
1633,1634,Graduate
1634,1635,Graduate
1635,1636,Graduate
1636,1637,Graduate
1637,1638,Graduate
1638,1639,Enrolled
1639,1640,Dropout
1640,1641,Dropout
1641,1642,Graduate
1642,1643,Enrolled
1643,1644,Dropout
1644,1645,Graduate
1645,1646,Dropout
1646,1647,Enrolled
1647,1648,Graduate
1648,1649,Dropout
1649,1650,Graduate
1650,1651,Enrolled
1651,1652,Dropout
1652,1653,Graduate
1653,1654,Dropout
1654,1655,Dropout
1655,1656,Graduate
1656,1657,Dropout
1657,1658,Graduate
1658,1659,Enrolled
1659,1660,Graduate
1660,1661,Graduate
1661,1662,Graduate
1662,1663,Dropout
1663,1664,Graduate
1664,1665,Dropout
1665,1666,Graduate
1666,1667,Dropout
1667,1668,Dropout
1668,1669,Graduate
1669,1670,Graduate
1670,1671,Graduate
1671,1672,Graduate
1672,1673,Graduate
1673,1674,Enrolled
1674,1675,Dropout
1675,1676,Graduate
1676,1677,Dropout
1677,1678,Graduate
1678,1679,Dropout
1679,1680,Dropout
1680,1681,Enrolled
1681,1682,Graduate
1682,1683,Dropout
1683,1684,Enrolled
1684,1685,Graduate
1685,1686,Dropout
1686,1687,Dropout
1687,1688,Graduate
1688,1689,Graduate
1689,1690,Graduate
1690,1691,Dropout
1691,1692,Graduate
1692,1693,Enrolled
1693,1694,Graduate
1694,1695,Enrolled
1695,1696,Enrolled
1696,1697,Graduate
1697,1698,Enrolled
1698,1699,Enrolled
1699,1700,Graduate
1700,1701,Graduate
1701,1702,Graduate
1702,1703,Dropout
1703,1704,Dropout
1704,1705,Graduate
1705,1706,Dropout
1706,1707,Enrolled
1707,1708,Dropout
1708,1709,Graduate
1709,1710,Graduate
1710,1711,Dropout
1711,1712,Dropout
1712,1713,Graduate
1713,1714,Dropout
1714,1715,Graduate
1715,1716,Graduate
1716,1717,Dropout
1717,1718,Graduate
1718,1719,Enrolled
1719,1720,Graduate
1720,1721,Graduate
1721,1722,Enrolled
1722,1723,Graduate
1723,1724,Graduate
1724,1725,Graduate
1725,1726,Graduate
1726,1727,Graduate
1727,1728,Graduate
1728,1729,Dropout
1729,1730,Dropout
1730,1731,Graduate
1731,1732,Enrolled
1732,1733,Dropout
1733,1734,Dropout
1734,1735,Graduate
1735,1736,Dropout
1736,1737,Dropout
1737,1738,Graduate
1738,1739,Dropout
1739,1740,Graduate
1740,1741,Enrolled
1741,1742,Graduate
1742,1743,Graduate
1743,1744,Graduate
1744,1745,Dropout
1745,1746,Dropout
1746,1747,Graduate
1747,1748,Graduate
1748,1749,Graduate
1749,1750,Dropout
1750,1751,Graduate
1751,1752,Graduate
1752,1753,Dropout
1753,1754,Graduate
1754,1755,Graduate
1755,1756,Graduate
1756,1757,Graduate
1757,1758,Graduate
1758,1759,Dropout
1759,1760,Enrolled
1760,1761,Enrolled
1761,1762,Graduate
1762,1763,Graduate
1763,1764,Graduate
1764,1765,Graduate
1765,1766,Graduate
1766,1767,Graduate
1767,1768,Graduate
1768,1769,Graduate
1769,1770,Graduate
1770,1771,Dropout
1771,1772,Graduate
1772,1773,Graduate
1773,1774,Graduate
1774,1775,Graduate
1775,1776,Graduate
1776,1777,Enrolled
1777,1778,Dropout
1778,1779,Dropout
1779,1780,Graduate
1780,1781,Dropout
1781,1782,Graduate
1782,1783,Graduate
1783,1784,Graduate
1784,1785,Dropout
1785,1786,Graduate
1786,1787,Dropout
1787,1788,Dropout
1788,1789,Graduate
1789,1790,Graduate
1790,1791,Graduate
1791,1792,Enrolled
1792,1793,Graduate
1793,1794,Enrolled
1794,1795,Dropout
1795,1796,Graduate
1796,1797,Graduate
1797,1798,Dropout
1798,1799,Graduate
1799,1800,Enrolled
1800,1801,Graduate
1801,1802,Graduate
1802,1803,Dropout
1803,1804,Graduate
1804,1805,Dropout
1805,1806,Graduate
1806,1807,Graduate
1807,1808,Dropout
1808,1809,Enrolled
1809,1810,Graduate
1810,1811,Dropout
1811,1812,Graduate
1812,1813,Enrolled
1813,1814,Dropout
1814,1815,Graduate
1815,1816,Graduate
1816,1817,Enrolled
1817,1818,Graduate
1818,1819,Graduate
1819,1820,Graduate
1820,1821,Graduate
1821,1822,Dropout
1822,1823,Graduate
1823,1824,Enrolled
1824,1825,Dropout
1825,1826,Enrolled
1826,1827,Dropout
1827,1828,Dropout
1828,1829,Dropout
1829,1830,Graduate
1830,1831,Graduate
1831,1832,Dropout
1832,1833,Graduate
1833,1834,Enrolled
1834,1835,Graduate
1835,1836,Graduate
1836,1837,Dropout
1837,1838,Graduate
1838,1839,Dropout
1839,1840,Graduate
1840,1841,Graduate
1841,1842,Graduate
1842,1843,Graduate
1843,1844,Graduate
1844,1845,Graduate
1845,1846,Dropout
1846,1847,Dropout
1847,1848,Graduate
1848,1849,Graduate
1849,1850,Dropout
1850,1851,Graduate
1851,1852,Dropout
1852,1853,Graduate
1853,1854,Graduate
1854,1855,Dropout
1855,1856,Dropout
1856,1857,Graduate
1857,1858,Dropout
1858,1859,Dropout
1859,1860,Enrolled
1860,1861,Enrolled
1861,1862,Enrolled
1862,1863,Graduate
1863,1864,Enrolled
1864,1865,Dropout
1865,1866,Dropout
1866,1867,Graduate
1867,1868,Dropout
1868,1869,Dropout
1869,1870,Enrolled
1870,1871,Graduate
1871,1872,Graduate
1872,1873,Graduate
1873,1874,Dropout
1874,1875,Graduate
1875,1876,Graduate
1876,1877,Graduate
1877,1878,Dropout
1878,1879,Graduate
1879,1880,Dropout
1880,1881,Graduate
1881,1882,Dropout
1882,1883,Graduate
1883,1884,Graduate
1884,1885,Graduate
1885,1886,Graduate
1886,1887,Dropout
1887,1888,Dropout
1888,1889,Graduate
1889,1890,Enrolled
1890,1891,Dropout
1891,1892,Dropout
1892,1893,Enrolled
1893,1894,Enrolled
1894,1895,Enrolled
1895,1896,Dropout
1896,1897,Dropout
1897,1898,Graduate
1898,1899,Enrolled
1899,1900,Graduate
1900,1901,Graduate
1901,1902,Graduate
1902,1903,Graduate
1903,1904,Graduate
1904,1905,Graduate
1905,1906,Graduate
1906,1907,Graduate
1907,1908,Graduate
1908,1909,Graduate
1909,1910,Graduate
1910,1911,Graduate
1911,1912,Dropout
1912,1913,Graduate
1913,1914,Graduate
1914,1915,Graduate
1915,1916,Graduate
1916,1917,Graduate
1917,1918,Graduate
1918,1919,Graduate
1919,1920,Enrolled
1920,1921,Graduate
1921,1922,Graduate
1922,1923,Enrolled
1923,1924,Graduate
1924,1925,Dropout
1925,1926,Enrolled
1926,1927,Dropout
1927,1928,Enrolled
1928,1929,Graduate
1929,1930,Enrolled
1930,1931,Graduate
1931,1932,Enrolled
1932,1933,Dropout
1933,1934,Dropout
1934,1935,Dropout
1935,1936,Enrolled
1936,1937,Dropout
1937,1938,Enrolled
1938,1939,Dropout
1939,1940,Graduate
1940,1941,Dropout
1941,1942,Enrolled
1942,1943,Graduate
1943,1944,Dropout
1944,1945,Graduate
1945,1946,Graduate
1946,1947,Graduate
1947,1948,Graduate
1948,1949,Dropout
1949,1950,Enrolled
1950,1951,Enrolled
1951,1952,Graduate
1952,1953,Graduate
1953,1954,Graduate
1954,1955,Graduate
1955,1956,Dropout
1956,1957,Enrolled
1957,1958,Graduate
1958,1959,Graduate
1959,1960,Enrolled
1960,1961,Dropout
1961,1962,Graduate
1962,1963,Dropout
1963,1964,Dropout
1964,1965,Graduate
1965,1966,Graduate
1966,1967,Dropout
1967,1968,Graduate
1968,1969,Dropout
1969,1970,Graduate
1970,1971,Graduate
1971,1972,Enrolled
1972,1973,Graduate
1973,1974,Enrolled
1974,1975,Graduate
1975,1976,Dropout
1976,1977,Graduate
1977,1978,Dropout
1978,1979,Dropout
1979,1980,Dropout
1980,1981,Graduate
1981,1982,Graduate
1982,1983,Dropout
1983,1984,Graduate
1984,1985,Dropout
1985,1986,Graduate
1986,1987,Graduate
1987,1988,Graduate
1988,1989,Graduate
1989,1990,Enrolled
1990,1991,Graduate
1991,1992,Enrolled
1992,1993,Graduate
1993,1994,Graduate
1994,1995,Enrolled
1995,1996,Graduate
1996,1997,Graduate
1997,1998,Graduate
1998,1999,Graduate
1999,2000,Enrolled
2000,2001,Dropout
2001,2002,Enrolled
2002,2003,Graduate
2003,2004,Enrolled
2004,2005,Graduate
2005,2006,Dropout
2006,2007,Enrolled
2007,2008,Dropout
2008,2009,Dropout
2009,2010,Graduate
2010,2011,Graduate
2011,2012,Dropout
2012,2013,Graduate
2013,2014,Graduate
2014,2015,Graduate
2015,2016,Graduate
2016,2017,Graduate
2017,2018,Graduate
2018,2019,Enrolled
2019,2020,Enrolled
2020,2021,Enrolled
2021,2022,Graduate
2022,2023,Graduate
2023,2024,Dropout
2024,2025,Dropout
2025,2026,Enrolled
2026,2027,Dropout
2027,2028,Dropout
2028,2029,Graduate
2029,2030,Dropout
2030,2031,Graduate
2031,2032,Dropout
2032,2033,Dropout
2033,2034,Graduate
2034,2035,Graduate
2035,2036,Dropout
2036,2037,Enrolled
2037,2038,Dropout
2038,2039,Graduate
2039,2040,Graduate
2040,2041,Dropout
2041,2042,Graduate
2042,2043,Enrolled
2043,2044,Graduate
2044,2045,Enrolled
2045,2046,Enrolled
2046,2047,Enrolled
2047,2048,Dropout
2048,2049,Dropout
2049,2050,Graduate
2050,2051,Graduate
2051,2052,Graduate
2052,2053,Graduate
2053,2054,Dropout
2054,2055,Dropout
2055,2056,Enrolled
2056,2057,Graduate
2057,2058,Enrolled
2058,2059,Dropout
2059,2060,Graduate
2060,2061,Graduate
2061,2062,Graduate
2062,2063,Graduate
2063,2064,Graduate
2064,2065,Graduate
2065,2066,Graduate
2066,2067,Dropout
2067,2068,Dropout
2068,2069,Dropout
2069,2070,Dropout
2070,2071,Dropout
2071,2072,Dropout
2072,2073,Graduate
2073,2074,Graduate
2074,2075,Graduate
2075,2076,Graduate
2076,2077,Dropout
2077,2078,Graduate
2078,2079,Graduate
2079,2080,Graduate
2080,2081,Dropout
2081,2082,Graduate
2082,2083,Enrolled
2083,2084,Enrolled
2084,2085,Enrolled
2085,2086,Graduate
2086,2087,Graduate
2087,2088,Enrolled
2088,2089,Enrolled
2089,2090,Dropout
2090,2091,Graduate
2091,2092,Dropout
2092,2093,Graduate
2093,2094,Enrolled
2094,2095,Graduate
2095,2096,Graduate
2096,2097,Graduate
2097,2098,Dropout
2098,2099,Graduate
2099,2100,Enrolled
2100,2101,Graduate
2101,2102,Enrolled
2102,2103,Graduate
2103,2104,Dropout
2104,2105,Graduate
2105,2106,Dropout
2106,2107,Graduate
2107,2108,Graduate
2108,2109,Graduate
2109,2110,Enrolled
2110,2111,Graduate
2111,2112,Dropout
2112,2113,Enrolled
2113,2114,Dropout
2114,2115,Dropout
2115,2116,Graduate
2116,2117,Dropout
2117,2118,Enrolled
2118,2119,Enrolled
2119,2120,Dropout
2120,2121,Dropout
2121,2122,Graduate
2122,2123,Graduate
2123,2124,Graduate
2124,2125,Dropout
2125,2126,Graduate
2126,2127,Graduate
2127,2128,Dropout
2128,2129,Dropout
2129,2130,Enrolled
2130,2131,Dropout
2131,2132,Dropout
2132,2133,Graduate
2133,2134,Enrolled
2134,2135,Graduate
2135,2136,Graduate
2136,2137,Graduate
2137,2138,Graduate
2138,2139,Dropout
2139,2140,Graduate
2140,2141,Dropout
2141,2142,Graduate
2142,2143,Graduate
2143,2144,Graduate
2144,2145,Graduate
2145,2146,Dropout
2146,2147,Graduate
2147,2148,Dropout
2148,2149,Graduate
2149,2150,Graduate
2150,2151,Graduate
2151,2152,Graduate
2152,2153,Graduate
2153,2154,Graduate
2154,2155,Graduate
2155,2156,Graduate
2156,2157,Dropout
2157,2158,Graduate
2158,2159,Enrolled
2159,2160,Dropout
2160,2161,Dropout
2161,2162,Enrolled
2162,2163,Graduate
2163,2164,Enrolled
2164,2165,Graduate
2165,2166,Dropout
2166,2167,Graduate
2167,2168,Enrolled
2168,2169,Dropout
2169,2170,Enrolled
2170,2171,Dropout
2171,2172,Dropout
2172,2173,Dropout
2173,2174,Dropout
2174,2175,Graduate
2175,2176,Dropout
2176,2177,Graduate
2177,2178,Dropout
2178,2179,Enrolled
2179,2180,Graduate
2180,2181,Graduate
2181,2182,Enrolled
2182,2183,Dropout
2183,2184,Dropout
2184,2185,Graduate
2185,2186,Dropout
2186,2187,Graduate
2187,2188,Graduate
2188,2189,Graduate
2189,2190,Graduate
2190,2191,Graduate
2191,2192,Graduate
2192,2193,Enrolled
2193,2194,Enrolled
2194,2195,Graduate
2195,2196,Graduate
2196,2197,Dropout
2197,2198,Graduate
2198,2199,Dropout
2199,2200,Graduate
2200,2201,Dropout
2201,2202,Graduate
2202,2203,Enrolled
2203,2204,Dropout
2204,2205,Graduate
2205,2206,Enrolled
2206,2207,Dropout
2207,2208,Enrolled
2208,2209,Graduate
2209,2210,Graduate
2210,2211,Graduate
2211,2212,Graduate
2212,2213,Graduate
2213,2214,Graduate
2214,2215,Graduate
2215,2216,Enrolled
2216,2217,Dropout
2217,2218,Enrolled
2218,2219,Graduate
2219,2220,Dropout
2220,2221,Graduate
2221,2222,Enrolled
2222,2223,Graduate
2223,2224,Dropout
2224,2225,Dropout
2225,2226,Dropout
2226,2227,Dropout
2227,2228,Dropout
2228,2229,Dropout
2229,2230,Dropout
2230,2231,Dropout
2231,2232,Dropout
2232,2233,Enrolled
2233,2234,Graduate
2234,2235,Dropout
2235,2236,Graduate
2236,2237,Dropout
2237,2238,Graduate
2238,2239,Enrolled
2239,2240,Dropout
2240,2241,Dropout
2241,2242,Dropout
2242,2243,Dropout
2243,2244,Graduate
2244,2245,Graduate
2245,2246,Enrolled
2246,2247,Dropout
2247,2248,Dropout
2248,2249,Graduate
2249,2250,Enrolled
2250,2251,Enrolled
2251,2252,Graduate
2252,2253,Graduate
2253,2254,Dropout
2254,2255,Dropout
2255,2256,Dropout
2256,2257,Dropout
2257,2258,Graduate
2258,2259,Dropout
2259,2260,Enrolled
2260,2261,Graduate
2261,2262,Dropout
2262,2263,Enrolled
2263,2264,Graduate
2264,2265,Enrolled
2265,2266,Dropout
2266,2267,Graduate
2267,2268,Graduate
2268,2269,Dropout
2269,2270,Enrolled
2270,2271,Graduate
2271,2272,Graduate
2272,2273,Dropout
2273,2274,Graduate
2274,2275,Dropout
2275,2276,Graduate
2276,2277,Graduate
2277,2278,Graduate
2278,2279,Dropout
2279,2280,Enrolled
2280,2281,Graduate
2281,2282,Graduate
2282,2283,Enrolled
2283,2284,Graduate
2284,2285,Dropout
2285,2286,Graduate
2286,2287,Graduate
2287,2288,Dropout
2288,2289,Graduate
2289,2290,Graduate
2290,2291,Graduate
2291,2292,Enrolled
2292,2293,Graduate
2293,2294,Graduate
2294,2295,Graduate
2295,2296,Graduate
2296,2297,Graduate
2297,2298,Dropout
2298,2299,Dropout
2299,2300,Graduate
2300,2301,Graduate
2301,2302,Graduate
2302,2303,Dropout
2303,2304,Dropout
2304,2305,Graduate
2305,2306,Dropout
2306,2307,Dropout
2307,2308,Graduate
2308,2309,Enrolled
2309,2310,Graduate
2310,2311,Enrolled
2311,2312,Graduate
2312,2313,Dropout
2313,2314,Dropout
2314,2315,Graduate
2315,2316,Graduate
2316,2317,Enrolled
2317,2318,Graduate
2318,2319,Dropout
2319,2320,Graduate
2320,2321,Enrolled
2321,2322,Enrolled
2322,2323,Graduate
2323,2324,Enrolled
2324,2325,Dropout
2325,2326,Graduate
2326,2327,Enrolled
2327,2328,Enrolled
2328,2329,Dropout
2329,2330,Graduate
2330,2331,Graduate
2331,2332,Dropout
2332,2333,Graduate
2333,2334,Graduate
2334,2335,Graduate
2335,2336,Dropout
2336,2337,Enrolled
2337,2338,Enrolled
2338,2339,Graduate
2339,2340,Graduate
2340,2341,Graduate
2341,2342,Enrolled
2342,2343,Dropout
2343,2344,Graduate
2344,2345,Dropout
2345,2346,Dropout
2346,2347,Graduate
2347,2348,Graduate
2348,2349,Enrolled
2349,2350,Graduate
2350,2351,Enrolled
2351,2352,Dropout
2352,2353,Graduate
2353,2354,Dropout
2354,2355,Dropout
2355,2356,Graduate
2356,2357,Dropout
2357,2358,Dropout
2358,2359,Graduate
2359,2360,Enrolled
2360,2361,Graduate
2361,2362,Graduate
2362,2363,Dropout
2363,2364,Dropout
2364,2365,Dropout
2365,2366,Dropout
2366,2367,Enrolled
2367,2368,Graduate
2368,2369,Graduate
2369,2370,Graduate
2370,2371,Enrolled
2371,2372,Dropout
2372,2373,Enrolled
2373,2374,Enrolled
2374,2375,Enrolled
2375,2376,Graduate
2376,2377,Graduate
2377,2378,Dropout
2378,2379,Dropout
2379,2380,Graduate
2380,2381,Graduate
2381,2382,Graduate
2382,2383,Graduate
2383,2384,Enrolled
2384,2385,Dropout
2385,2386,Graduate
2386,2387,Enrolled
2387,2388,Graduate
2388,2389,Graduate
2389,2390,Dropout
2390,2391,Graduate
2391,2392,Dropout
2392,2393,Graduate
2393,2394,Graduate
2394,2395,Graduate
2395,2396,Enrolled
2396,2397,Dropout
2397,2398,Graduate
2398,2399,Dropout
2399,2400,Dropout
2400,2401,Graduate
2401,2402,Enrolled
2402,2403,Graduate
2403,2404,Graduate
2404,2405,Dropout
2405,2406,Graduate
2406,2407,Dropout
2407,2408,Graduate
2408,2409,Dropout
2409,2410,Graduate
2410,2411,Graduate
2411,2412,Graduate
2412,2413,Dropout
2413,2414,Graduate
2414,2415,Enrolled
2415,2416,Dropout
2416,2417,Graduate
2417,2418,Enrolled
2418,2419,Enrolled
2419,2420,Dropout
2420,2421,Enrolled
2421,2422,Dropout
2422,2423,Graduate
2423,2424,Graduate
2424,2425,Dropout
2425,2426,Graduate
2426,2427,Dropout
2427,2428,Graduate
2428,2429,Graduate
2429,2430,Dropout
2430,2431,Graduate
2431,2432,Enrolled
2432,2433,Graduate
2433,2434,Enrolled
2434,2435,Dropout
2435,2436,Graduate
2436,2437,Enrolled
2437,2438,Dropout
2438,2439,Enrolled
2439,2440,Graduate
2440,2441,Graduate
2441,2442,Graduate
2442,2443,Dropout
2443,2444,Graduate
2444,2445,Dropout
2445,2446,Graduate
2446,2447,Dropout
2447,2448,Enrolled
2448,2449,Graduate
2449,2450,Dropout
2450,2451,Graduate
2451,2452,Enrolled
2452,2453,Enrolled
2453,2454,Graduate
2454,2455,Graduate
2455,2456,Graduate
2456,2457,Graduate
2457,2458,Graduate
2458,2459,Graduate
2459,2460,Dropout
2460,2461,Dropout
2461,2462,Enrolled
2462,2463,Graduate
2463,2464,Graduate
2464,2465,Dropout
2465,2466,Dropout
2466,2467,Graduate
2467,2468,Enrolled
2468,2469,Graduate
2469,2470,Graduate
2470,2471,Graduate
2471,2472,Dropout
2472,2473,Graduate
2473,2474,Graduate
2474,2475,Dropout
2475,2476,Dropout
2476,2477,Graduate
2477,2478,Graduate
2478,2479,Dropout
2479,2480,Enrolled
2480,2481,Graduate
2481,2482,Dropout
2482,2483,Graduate
2483,2484,Graduate
2484,2485,Graduate
2485,2486,Enrolled
2486,2487,Enrolled
2487,2488,Graduate
2488,2489,Graduate
2489,2490,Graduate
2490,2491,Dropout
2491,2492,Graduate
2492,2493,Graduate
2493,2494,Graduate
2494,2495,Graduate
2495,2496,Graduate
2496,2497,Graduate
2497,2498,Enrolled
2498,2499,Graduate
2499,2500,Dropout
2500,2501,Dropout
2501,2502,Enrolled
2502,2503,Dropout
2503,2504,Enrolled
2504,2505,Dropout
2505,2506,Graduate
2506,2507,Dropout
2507,2508,Graduate
2508,2509,Graduate
2509,2510,Dropout
2510,2511,Enrolled
2511,2512,Graduate
2512,2513,Graduate
2513,2514,Graduate
2514,2515,Dropout
2515,2516,Dropout
2516,2517,Graduate
2517,2518,Dropout
2518,2519,Graduate
2519,2520,Graduate
2520,2521,Dropout
2521,2522,Dropout
2522,2523,Graduate
2523,2524,Graduate
2524,2525,Graduate
2525,2526,Graduate
2526,2527,Enrolled
2527,2528,Dropout
2528,2529,Enrolled
2529,2530,Graduate
2530,2531,Enrolled
2531,2532,Graduate
2532,2533,Graduate
2533,2534,Enrolled
2534,2535,Graduate
2535,2536,Enrolled
2536,2537,Enrolled
2537,2538,Dropout
2538,2539,Dropout
2539,2540,Dropout
2540,2541,Graduate
2541,2542,Graduate
2542,2543,Dropout
2543,2544,Graduate
2544,2545,Dropout
2545,2546,Dropout
2546,2547,Enrolled
2547,2548,Graduate
2548,2549,Enrolled
2549,2550,Graduate
2550,2551,Dropout
2551,2552,Enrolled
2552,2553,Graduate
2553,2554,Enrolled
2554,2555,Dropout
2555,2556,Graduate
2556,2557,Graduate
2557,2558,Dropout
2558,2559,Enrolled
2559,2560,Graduate
2560,2561,Dropout
2561,2562,Graduate
2562,2563,Graduate
2563,2564,Enrolled
2564,2565,Enrolled
2565,2566,Dropout
2566,2567,Graduate
2567,2568,Dropout
2568,2569,Enrolled
2569,2570,Graduate
2570,2571,Dropout
2571,2572,Graduate
2572,2573,Dropout
2573,2574,Dropout
2574,2575,Dropout
2575,2576,Dropout
2576,2577,Enrolled
2577,2578,Graduate
2578,2579,Enrolled
2579,2580,Graduate
2580,2581,Dropout
2581,2582,Dropout
2582,2583,Dropout
2583,2584,Graduate
2584,2585,Graduate
2585,2586,Graduate
2586,2587,Graduate
2587,2588,Graduate
2588,2589,Enrolled
2589,2590,Dropout
2590,2591,Dropout
2591,2592,Dropout
2592,2593,Dropout
2593,2594,Dropout
2594,2595,Graduate
2595,2596,Dropout
2596,2597,Graduate
2597,2598,Graduate
2598,2599,Graduate
2599,2600,Enrolled
2600,2601,Enrolled
2601,2602,Graduate
2602,2603,Dropout
2603,2604,Enrolled
2604,2605,Graduate
2605,2606,Graduate
2606,2607,Graduate
2607,2608,Graduate
2608,2609,Graduate
2609,2610,Dropout
2610,2611,Graduate
2611,2612,Dropout
2612,2613,Dropout
2613,2614,Graduate
2614,2615,Dropout
2615,2616,Enrolled
2616,2617,Dropout
2617,2618,Graduate
2618,2619,Graduate
2619,2620,Graduate
2620,2621,Graduate
2621,2622,Graduate
2622,2623,Graduate
2623,2624,Dropout
2624,2625,Graduate
2625,2626,Graduate
2626,2627,Dropout
2627,2628,Graduate
2628,2629,Dropout
2629,2630,Enrolled
2630,2631,Graduate
2631,2632,Enrolled
2632,2633,Enrolled
2633,2634,Graduate
2634,2635,Graduate
2635,2636,Graduate
2636,2637,Graduate
2637,2638,Enrolled
2638,2639,Graduate
2639,2640,Dropout
2640,2641,Graduate
2641,2642,Graduate
2642,2643,Dropout
2643,2644,Graduate
2644,2645,Graduate
2645,2646,Enrolled
2646,2647,Dropout
2647,2648,Dropout
2648,2649,Graduate
2649,2650,Dropout
2650,2651,Graduate
2651,2652,Enrolled
2652,2653,Graduate
2653,2654,Dropout
2654,2655,Graduate
2655,2656,Enrolled
2656,2657,Graduate
2657,2658,Graduate
2658,2659,Dropout
2659,2660,Enrolled
2660,2661,Enrolled
2661,2662,Graduate
2662,2663,Enrolled
2663,2664,Graduate
2664,2665,Graduate
2665,2666,Dropout
2666,2667,Enrolled
2667,2668,Dropout
2668,2669,Enrolled
2669,2670,Graduate
2670,2671,Dropout
2671,2672,Dropout
2672,2673,Graduate
2673,2674,Enrolled
2674,2675,Graduate
2675,2676,Enrolled
2676,2677,Graduate
2677,2678,Dropout
2678,2679,Dropout
2679,2680,Dropout
2680,2681,Graduate
2681,2682,Graduate
2682,2683,Dropout
2683,2684,Graduate
2684,2685,Enrolled
2685,2686,Graduate
2686,2687,Enrolled
2687,2688,Enrolled
2688,2689,Graduate
2689,2690,Dropout
2690,2691,Graduate
2691,2692,Enrolled
2692,2693,Dropout
2693,2694,Dropout
2694,2695,Dropout
2695,2696,Graduate
2696,2697,Dropout
2697,2698,Graduate
2698,2699,Graduate
2699,2700,Graduate
2700,2701,Dropout
2701,2702,Graduate
2702,2703,Dropout
2703,2704,Enrolled
2704,2705,Graduate
2705,2706,Graduate
2706,2707,Graduate
2707,2708,Graduate
2708,2709,Dropout
2709,2710,Graduate
2710,2711,Graduate
2711,2712,Graduate
2712,2713,Enrolled
2713,2714,Dropout
2714,2715,Enrolled
2715,2716,Dropout
2716,2717,Graduate
2717,2718,Graduate
2718,2719,Dropout
2719,2720,Dropout
2720,2721,Dropout
2721,2722,Dropout
2722,2723,Graduate
2723,2724,Graduate
2724,2725,Graduate
2725,2726,Graduate
2726,2727,Enrolled
2727,2728,Graduate
2728,2729,Dropout
2729,2730,Enrolled
2730,2731,Graduate
2731,2732,Graduate
2732,2733,Enrolled
2733,2734,Graduate
2734,2735,Enrolled
2735,2736,Dropout
2736,2737,Dropout
2737,2738,Graduate
2738,2739,Enrolled
2739,2740,Dropout
2740,2741,Graduate
2741,2742,Graduate
2742,2743,Enrolled
2743,2744,Graduate
2744,2745,Dropout
2745,2746,Enrolled
2746,2747,Dropout
2747,2748,Enrolled
2748,2749,Graduate
2749,2750,Enrolled
2750,2751,Graduate
2751,2752,Dropout
2752,2753,Graduate
2753,2754,Graduate
2754,2755,Graduate
2755,2756,Dropout
2756,2757,Graduate
2757,2758,Graduate
2758,2759,Dropout
2759,2760,Graduate
2760,2761,Graduate
2761,2762,Graduate
2762,2763,Dropout
2763,2764,Dropout
2764,2765,Dropout
2765,2766,Dropout
2766,2767,Enrolled
2767,2768,Dropout
2768,2769,Dropout
2769,2770,Dropout
2770,2771,Dropout
2771,2772,Enrolled
2772,2773,Enrolled
2773,2774,Dropout
2774,2775,Graduate
2775,2776,Graduate
2776,2777,Graduate
2777,2778,Enrolled
2778,2779,Enrolled
2779,2780,Enrolled
2780,2781,Dropout
2781,2782,Enrolled
2782,2783,Graduate
2783,2784,Graduate
2784,2785,Dropout
2785,2786,Graduate
2786,2787,Dropout
2787,2788,Enrolled
2788,2789,Dropout
2789,2790,Enrolled
2790,2791,Graduate
2791,2792,Graduate
2792,2793,Dropout
2793,2794,Dropout
2794,2795,Enrolled
2795,2796,Graduate
2796,2797,Enrolled
2797,2798,Dropout
2798,2799,Enrolled
2799,2800,Graduate
2800,2801,Dropout
2801,2802,Graduate
2802,2803,Graduate
2803,2804,Graduate
2804,2805,Graduate
2805,2806,Graduate
2806,2807,Dropout
2807,2808,Enrolled
2808,2809,Dropout
2809,2810,Graduate
2810,2811,Graduate
2811,2812,Graduate
2812,2813,Dropout
2813,2814,Dropout
2814,2815,Graduate
2815,2816,Dropout
2816,2817,Graduate
2817,2818,Graduate
2818,2819,Dropout
2819,2820,Graduate
2820,2821,Enrolled
2821,2822,Dropout
2822,2823,Graduate
2823,2824,Graduate
2824,2825,Graduate
2825,2826,Graduate
2826,2827,Dropout
2827,2828,Dropout
2828,2829,Dropout
2829,2830,Graduate
2830,2831,Dropout
2831,2832,Dropout
2832,2833,Dropout
2833,2834,Graduate
2834,2835,Dropout
2835,2836,Graduate
2836,2837,Enrolled
2837,2838,Dropout
2838,2839,Dropout
2839,2840,Dropout
2840,2841,Graduate
2841,2842,Graduate
2842,2843,Graduate
2843,2844,Dropout
2844,2845,Dropout
2845,2846,Graduate
2846,2847,Enrolled
2847,2848,Graduate
2848,2849,Dropout
2849,2850,Graduate
2850,2851,Graduate
2851,2852,Enrolled
2852,2853,Graduate
2853,2854,Dropout
2854,2855,Dropout
2855,2856,Graduate
2856,2857,Dropout
2857,2858,Enrolled
2858,2859,Enrolled
2859,2860,Graduate
2860,2861,Enrolled
2861,2862,Graduate
2862,2863,Dropout
2863,2864,Graduate
2864,2865,Graduate
2865,2866,Graduate
2866,2867,Enrolled
2867,2868,Dropout
2868,2869,Graduate
2869,2870,Graduate
2870,2871,Dropout
2871,2872,Dropout
2872,2873,Graduate
2873,2874,Graduate
2874,2875,Enrolled
2875,2876,Graduate
2876,2877,Graduate
2877,2878,Dropout
2878,2879,Graduate
2879,2880,Dropout
2880,2881,Graduate
2881,2882,Dropout
2882,2883,Graduate
2883,2884,Dropout
2884,2885,Dropout
2885,2886,Graduate
2886,2887,Dropout
2887,2888,Dropout
2888,2889,Dropout
2889,2890,Dropout
2890,2891,Graduate
2891,2892,Graduate
2892,2893,Enrolled
2893,2894,Dropout
2894,2895,Dropout
2895,2896,Dropout
2896,2897,Enrolled
2897,2898,Dropout
2898,2899,Graduate
2899,2900,Enrolled
2900,2901,Graduate
2901,2902,Enrolled
2902,2903,Enrolled
2903,2904,Enrolled
2904,2905,Dropout
2905,2906,Dropout
2906,2907,Graduate
2907,2908,Graduate
2908,2909,Enrolled
2909,2910,Graduate
2910,2911,Dropout
2911,2912,Graduate
2912,2913,Enrolled
2913,2914,Graduate
2914,2915,Graduate
2915,2916,Graduate
2916,2917,Enrolled
2917,2918,Dropout
2918,2919,Graduate
2919,2920,Graduate
2920,2921,Graduate
2921,2922,Graduate
2922,2923,Dropout
2923,2924,Dropout
2924,2925,Enrolled
2925,2926,Graduate
2926,2927,Dropout
2927,2928,Dropout
2928,2929,Dropout
2929,2930,Graduate
2930,2931,Enrolled
2931,2932,Enrolled
2932,2933,Dropout
2933,2934,Dropout
2934,2935,Dropout
2935,2936,Graduate
2936,2937,Graduate
2937,2938,Graduate
2938,2939,Dropout
2939,2940,Graduate
2940,2941,Dropout
2941,2942,Enrolled
2942,2943,Enrolled
2943,2944,Graduate
2944,2945,Dropout
2945,2946,Graduate
2946,2947,Graduate
2947,2948,Graduate
2948,2949,Graduate
2949,2950,Dropout
2950,2951,Dropout
2951,2952,Dropout
2952,2953,Dropout
2953,2954,Graduate
2954,2955,Enrolled
2955,2956,Graduate
2956,2957,Graduate
2957,2958,Graduate
2958,2959,Enrolled
2959,2960,Dropout
2960,2961,Graduate
2961,2962,Dropout
2962,2963,Graduate
2963,2964,Graduate
2964,2965,Graduate
2965,2966,Dropout
2966,2967,Graduate
2967,2968,Graduate
2968,2969,Dropout
2969,2970,Dropout
2970,2971,Graduate
2971,2972,Dropout
2972,2973,Dropout
2973,2974,Dropout
2974,2975,Graduate
2975,2976,Enrolled
2976,2977,Graduate
2977,2978,Enrolled
2978,2979,Enrolled
2979,2980,Graduate
2980,2981,Graduate
2981,2982,Graduate
2982,2983,Graduate
2983,2984,Enrolled
2984,2985,Graduate
2985,2986,Graduate
2986,2987,Enrolled
2987,2988,Dropout
2988,2989,Graduate
2989,2990,Dropout
2990,2991,Dropout
2991,2992,Dropout
2992,2993,Graduate
2993,2994,Dropout
2994,2995,Graduate
2995,2996,Graduate
2996,2997,Dropout
2997,2998,Dropout
2998,2999,Dropout
2999,3000,Dropout
3000,3001,Graduate
3001,3002,Enrolled
3002,3003,Graduate
3003,3004,Dropout
3004,3005,Dropout
3005,3006,Graduate
3006,3007,Dropout
3007,3008,Graduate
3008,3009,Graduate
3009,3010,Graduate
3010,3011,Graduate
3011,3012,Dropout
3012,3013,Graduate
3013,3014,Graduate
3014,3015,Enrolled
3015,3016,Graduate
3016,3017,Enrolled
3017,3018,Graduate
3018,3019,Graduate
3019,3020,Graduate
3020,3021,Dropout
3021,3022,Graduate
3022,3023,Graduate
3023,3024,Graduate
3024,3025,Dropout
3025,3026,Dropout
3026,3027,Enrolled
3027,3028,Graduate
3028,3029,Graduate
3029,3030,Graduate
3030,3031,Graduate
3031,3032,Graduate
3032,3033,Dropout
3033,3034,Graduate
3034,3035,Graduate
3035,3036,Graduate
3036,3037,Enrolled
3037,3038,Graduate
3038,3039,Graduate
3039,3040,Graduate
3040,3041,Graduate
3041,3042,Graduate
3042,3043,Dropout
3043,3044,Graduate
3044,3045,Graduate
3045,3046,Dropout
3046,3047,Dropout
3047,3048,Dropout
3048,3049,Enrolled
3049,3050,Dropout
3050,3051,Graduate
3051,3052,Dropout
3052,3053,Dropout
3053,3054,Enrolled
3054,3055,Dropout
3055,3056,Graduate
3056,3057,Enrolled
3057,3058,Graduate
3058,3059,Graduate
3059,3060,Graduate
3060,3061,Graduate
3061,3062,Dropout
3062,3063,Dropout
3063,3064,Graduate
3064,3065,Graduate
3065,3066,Graduate
3066,3067,Dropout
3067,3068,Enrolled
3068,3069,Graduate
3069,3070,Dropout
3070,3071,Graduate
3071,3072,Enrolled
3072,3073,Dropout
3073,3074,Graduate
3074,3075,Enrolled
3075,3076,Graduate
3076,3077,Enrolled
3077,3078,Graduate
3078,3079,Graduate
3079,3080,Dropout
3080,3081,Graduate
3081,3082,Graduate
3082,3083,Dropout
3083,3084,Graduate
3084,3085,Graduate
3085,3086,Dropout
3086,3087,Enrolled
3087,3088,Dropout
3088,3089,Graduate
3089,3090,Graduate
3090,3091,Graduate
3091,3092,Graduate
3092,3093,Graduate
3093,3094,Dropout
3094,3095,Graduate
3095,3096,Graduate
3096,3097,Enrolled
3097,3098,Graduate
3098,3099,Graduate
3099,3100,Graduate
3100,3101,Graduate
3101,3102,Graduate
3102,3103,Graduate
3103,3104,Dropout
3104,3105,Graduate
3105,3106,Dropout
3106,3107,Enrolled
3107,3108,Enrolled
3108,3109,Dropout
3109,3110,Dropout
3110,3111,Graduate
3111,3112,Enrolled
3112,3113,Graduate
3113,3114,Dropout
3114,3115,Graduate
3115,3116,Graduate
3116,3117,Dropout
3117,3118,Graduate
3118,3119,Graduate
3119,3120,Dropout
3120,3121,Graduate
3121,3122,Dropout
3122,3123,Enrolled
3123,3124,Dropout
3124,3125,Graduate
3125,3126,Dropout
3126,3127,Graduate
3127,3128,Dropout
3128,3129,Graduate
3129,3130,Dropout
3130,3131,Dropout
3131,3132,Graduate
3132,3133,Graduate
3133,3134,Graduate
3134,3135,Graduate
3135,3136,Dropout
3136,3137,Dropout
3137,3138,Dropout
3138,3139,Enrolled
3139,3140,Graduate
3140,3141,Graduate
3141,3142,Graduate
3142,3143,Enrolled
3143,3144,Dropout
3144,3145,Graduate
3145,3146,Graduate
3146,3147,Dropout
3147,3148,Graduate
3148,3149,Graduate
3149,3150,Graduate
3150,3151,Enrolled
3151,3152,Graduate
3152,3153,Dropout
3153,3154,Enrolled
3154,3155,Graduate
3155,3156,Dropout
3156,3157,Enrolled
3157,3158,Graduate
3158,3159,Graduate
3159,3160,Graduate
3160,3161,Graduate
3161,3162,Dropout
3162,3163,Dropout
3163,3164,Enrolled
3164,3165,Enrolled
3165,3166,Enrolled
3166,3167,Dropout
3167,3168,Graduate
3168,3169,Dropout
3169,3170,Graduate
3170,3171,Dropout
3171,3172,Graduate
3172,3173,Enrolled
3173,3174,Graduate
3174,3175,Dropout
3175,3176,Graduate
3176,3177,Dropout
3177,3178,Dropout
3178,3179,Graduate
3179,3180,Graduate
3180,3181,Dropout
3181,3182,Enrolled
3182,3183,Graduate
3183,3184,Graduate
3184,3185,Dropout
3185,3186,Dropout
3186,3187,Graduate
3187,3188,Dropout
3188,3189,Graduate
3189,3190,Graduate
3190,3191,Dropout
3191,3192,Graduate
3192,3193,Dropout
3193,3194,Enrolled
3194,3195,Dropout
3195,3196,Dropout
3196,3197,Dropout
3197,3198,Graduate
3198,3199,Dropout
3199,3200,Graduate
3200,3201,Dropout
3201,3202,Dropout
3202,3203,Graduate
3203,3204,Graduate
3204,3205,Dropout
3205,3206,Enrolled
3206,3207,Graduate
3207,3208,Enrolled
3208,3209,Enrolled
3209,3210,Enrolled
3210,3211,Graduate
3211,3212,Dropout
3212,3213,Dropout
3213,3214,Dropout
3214,3215,Enrolled
3215,3216,Graduate
3216,3217,Dropout
3217,3218,Graduate
3218,3219,Enrolled
3219,3220,Dropout
3220,3221,Graduate
3221,3222,Graduate
3222,3223,Graduate
3223,3224,Graduate
3224,3225,Graduate
3225,3226,Enrolled
3226,3227,Enrolled
3227,3228,Enrolled
3228,3229,Dropout
3229,3230,Graduate
3230,3231,Graduate
3231,3232,Graduate
3232,3233,Graduate
3233,3234,Graduate
3234,3235,Dropout
3235,3236,Enrolled
3236,3237,Dropout
3237,3238,Graduate
3238,3239,Dropout
3239,3240,Dropout
3240,3241,Graduate
3241,3242,Graduate
3242,3243,Dropout
3243,3244,Graduate
3244,3245,Dropout
3245,3246,Graduate
3246,3247,Dropout
3247,3248,Dropout
3248,3249,Graduate
3249,3250,Dropout
3250,3251,Graduate
3251,3252,Enrolled
3252,3253,Dropout
3253,3254,Dropout
3254,3255,Graduate
3255,3256,Graduate
3256,3257,Graduate
3257,3258,Graduate
3258,3259,Enrolled
3259,3260,Graduate
3260,3261,Enrolled
3261,3262,Graduate
3262,3263,Dropout
3263,3264,Graduate
3264,3265,Dropout
3265,3266,Dropout
3266,3267,Graduate
3267,3268,Graduate
3268,3269,Dropout
3269,3270,Graduate
3270,3271,Dropout
3271,3272,Dropout
3272,3273,Enrolled
3273,3274,Graduate
3274,3275,Graduate
3275,3276,Graduate
3276,3277,Dropout
3277,3278,Graduate
3278,3279,Enrolled
3279,3280,Enrolled
3280,3281,Graduate
3281,3282,Graduate
3282,3283,Enrolled
3283,3284,Enrolled
3284,3285,Dropout
3285,3286,Graduate
3286,3287,Enrolled
3287,3288,Graduate
3288,3289,Dropout
3289,3290,Dropout
3290,3291,Graduate
3291,3292,Graduate
3292,3293,Graduate
3293,3294,Graduate
3294,3295,Graduate
3295,3296,Dropout
3296,3297,Dropout
3297,3298,Graduate
3298,3299,Dropout
3299,3300,Enrolled
3300,3301,Graduate
3301,3302,Dropout
3302,3303,Graduate
3303,3304,Graduate
3304,3305,Enrolled
3305,3306,Enrolled
3306,3307,Graduate
3307,3308,Dropout
3308,3309,Enrolled
3309,3310,Enrolled
3310,3311,Graduate
3311,3312,Graduate
3312,3313,Graduate
3313,3314,Graduate
3314,3315,Dropout
3315,3316,Graduate
3316,3317,Graduate
3317,3318,Dropout
3318,3319,Graduate
3319,3320,Enrolled
3320,3321,Enrolled
3321,3322,Graduate
3322,3323,Graduate
3323,3324,Graduate
3324,3325,Dropout
3325,3326,Dropout
3326,3327,Graduate
3327,3328,Graduate
3328,3329,Graduate
3329,3330,Graduate
3330,3331,Dropout
3331,3332,Enrolled
3332,3333,Graduate
3333,3334,Dropout
3334,3335,Dropout
3335,3336,Enrolled
3336,3337,Graduate
3337,3338,Graduate
3338,3339,Enrolled
3339,3340,Dropout
3340,3341,Dropout
3341,3342,Graduate
3342,3343,Graduate
3343,3344,Dropout
3344,3345,Graduate
3345,3346,Enrolled
3346,3347,Enrolled
3347,3348,Dropout
3348,3349,Dropout
3349,3350,Enrolled
3350,3351,Dropout
3351,3352,Enrolled
3352,3353,Dropout
3353,3354,Graduate
3354,3355,Dropout
3355,3356,Dropout
3356,3357,Graduate
3357,3358,Dropout
3358,3359,Graduate
3359,3360,Graduate
3360,3361,Dropout
3361,3362,Graduate
3362,3363,Dropout
3363,3364,Graduate
3364,3365,Graduate
3365,3366,Enrolled
3366,3367,Graduate
3367,3368,Graduate
3368,3369,Graduate
3369,3370,Enrolled
3370,3371,Graduate
3371,3372,Graduate
3372,3373,Graduate
3373,3374,Dropout
3374,3375,Graduate
3375,3376,Dropout
3376,3377,Graduate
3377,3378,Graduate
3378,3379,Dropout
3379,3380,Graduate
3380,3381,Enrolled
3381,3382,Graduate
3382,3383,Enrolled
3383,3384,Dropout
3384,3385,Graduate
3385,3386,Graduate
3386,3387,Enrolled
3387,3388,Graduate
3388,3389,Graduate
3389,3390,Enrolled
3390,3391,Dropout
3391,3392,Dropout
3392,3393,Dropout
3393,3394,Enrolled
3394,3395,Graduate
3395,3396,Dropout
3396,3397,Graduate
3397,3398,Dropout
3398,3399,Enrolled
3399,3400,Enrolled
3400,3401,Graduate
3401,3402,Graduate
3402,3403,Dropout
3403,3404,Dropout
3404,3405,Graduate
3405,3406,Enrolled
3406,3407,Enrolled
3407,3408,Graduate
3408,3409,Dropout
3409,3410,Graduate
3410,3411,Dropout
3411,3412,Graduate
3412,3413,Graduate
3413,3414,Enrolled
3414,3415,Dropout
3415,3416,Graduate
3416,3417,Graduate
3417,3418,Graduate
3418,3419,Graduate
3419,3420,Enrolled
3420,3421,Dropout
3421,3422,Enrolled
3422,3423,Graduate
3423,3424,Graduate
3424,3425,Dropout
3425,3426,Graduate
3426,3427,Graduate
3427,3428,Graduate
3428,3429,Graduate
3429,3430,Enrolled
3430,3431,Dropout
3431,3432,Dropout
3432,3433,Dropout
3433,3434,Graduate
3434,3435,Dropout
3435,3436,Graduate
3436,3437,Graduate
3437,3438,Graduate
3438,3439,Dropout
3439,3440,Dropout
3440,3441,Graduate
3441,3442,Dropout
3442,3443,Dropout
3443,3444,Dropout
3444,3445,Dropout
3445,3446,Graduate
3446,3447,Graduate
3447,3448,Graduate
3448,3449,Dropout
3449,3450,Dropout
3450,3451,Graduate
3451,3452,Dropout
3452,3453,Enrolled
3453,3454,Dropout
3454,3455,Graduate
3455,3456,Graduate
3456,3457,Graduate
3457,3458,Graduate
3458,3459,Graduate
3459,3460,Graduate
3460,3461,Enrolled
3461,3462,Graduate
3462,3463,Enrolled
3463,3464,Enrolled
3464,3465,Graduate
3465,3466,Graduate
3466,3467,Dropout
3467,3468,Graduate
3468,3469,Dropout
3469,3470,Enrolled
3470,3471,Graduate
3471,3472,Graduate
3472,3473,Graduate
3473,3474,Graduate
3474,3475,Graduate
3475,3476,Graduate
3476,3477,Graduate
3477,3478,Enrolled
3478,3479,Graduate
3479,3480,Graduate
3480,3481,Enrolled
3481,3482,Dropout
3482,3483,Graduate
3483,3484,Dropout
3484,3485,Enrolled
3485,3486,Dropout
3486,3487,Dropout
3487,3488,Enrolled
3488,3489,Graduate
3489,3490,Graduate
3490,3491,Dropout
3491,3492,Graduate
3492,3493,Graduate
3493,3494,Graduate
3494,3495,Graduate
3495,3496,Graduate
3496,3497,Graduate
3497,3498,Graduate
3498,3499,Dropout
3499,3500,Enrolled
3500,3501,Graduate
3501,3502,Graduate
3502,3503,Graduate
3503,3504,Dropout
3504,3505,Enrolled
3505,3506,Graduate
3506,3507,Dropout
3507,3508,Dropout
3508,3509,Graduate
3509,3510,Dropout
3510,3511,Graduate
3511,3512,Graduate
3512,3513,Dropout
3513,3514,Graduate
3514,3515,Graduate
3515,3516,Enrolled
3516,3517,Dropout
3517,3518,Enrolled
3518,3519,Graduate
3519,3520,Dropout
3520,3521,Graduate
3521,3522,Graduate
3522,3523,Enrolled
3523,3524,Enrolled
3524,3525,Graduate
3525,3526,Dropout
3526,3527,Graduate
3527,3528,Graduate
3528,3529,Dropout
3529,3530,Graduate
3530,3531,Graduate
3531,3532,Graduate
3532,3533,Enrolled
3533,3534,Graduate
3534,3535,Graduate
3535,3536,Dropout
3536,3537,Graduate
3537,3538,Dropout
3538,3539,Dropout
3539,3540,Graduate
3540,3541,Graduate
3541,3542,Graduate
3542,3543,Enrolled
3543,3544,Graduate
3544,3545,Enrolled
3545,3546,Enrolled
3546,3547,Enrolled
3547,3548,Dropout
3548,3549,Dropout
3549,3550,Dropout
3550,3551,Enrolled
3551,3552,Graduate
3552,3553,Dropout
3553,3554,Graduate
3554,3555,Graduate
3555,3556,Enrolled
3556,3557,Enrolled
3557,3558,Graduate
3558,3559,Dropout
3559,3560,Graduate
3560,3561,Graduate
3561,3562,Dropout
3562,3563,Dropout
3563,3564,Dropout
3564,3565,Enrolled
3565,3566,Dropout
3566,3567,Enrolled
3567,3568,Graduate
3568,3569,Graduate
3569,3570,Graduate
3570,3571,Dropout
3571,3572,Dropout
3572,3573,Enrolled
3573,3574,Graduate
3574,3575,Graduate
3575,3576,Graduate
3576,3577,Graduate
3577,3578,Dropout
3578,3579,Dropout
3579,3580,Dropout
3580,3581,Graduate
3581,3582,Dropout
3582,3583,Graduate
3583,3584,Dropout
3584,3585,Graduate
3585,3586,Dropout
3586,3587,Enrolled
3587,3588,Dropout
3588,3589,Graduate
3589,3590,Graduate
3590,3591,Dropout
3591,3592,Dropout
3592,3593,Graduate
3593,3594,Graduate
3594,3595,Graduate
3595,3596,Graduate
3596,3597,Graduate
3597,3598,Dropout
3598,3599,Dropout
3599,3600,Graduate
3600,3601,Enrolled
3601,3602,Dropout
3602,3603,Dropout
3603,3604,Dropout
3604,3605,Graduate
3605,3606,Enrolled
3606,3607,Graduate
3607,3608,Graduate
3608,3609,Dropout
3609,3610,Graduate
3610,3611,Dropout
3611,3612,Dropout
3612,3613,Graduate
3613,3614,Dropout
3614,3615,Enrolled
3615,3616,Graduate
3616,3617,Graduate
3617,3618,Dropout
3618,3619,Dropout
3619,3620,Graduate
3620,3621,Enrolled
3621,3622,Dropout
3622,3623,Dropout
3623,3624,Enrolled
3624,3625,Dropout
3625,3626,Enrolled
3626,3627,Graduate
3627,3628,Enrolled
3628,3629,Graduate
3629,3630,Graduate
3630,3631,Graduate
3631,3632,Graduate
3632,3633,Dropout
3633,3634,Dropout
3634,3635,Dropout
3635,3636,Graduate
3636,3637,Dropout
3637,3638,Dropout
3638,3639,Graduate
3639,3640,Dropout
3640,3641,Dropout
3641,3642,Graduate
3642,3643,Dropout
3643,3644,Graduate
3644,3645,Dropout
3645,3646,Graduate
3646,3647,Dropout
3647,3648,Graduate
3648,3649,Dropout
3649,3650,Dropout
3650,3651,Enrolled
3651,3652,Dropout
3652,3653,Dropout
3653,3654,Dropout
3654,3655,Graduate
3655,3656,Dropout
3656,3657,Graduate
3657,3658,Enrolled
3658,3659,Dropout
3659,3660,Enrolled
3660,3661,Graduate
3661,3662,Dropout
3662,3663,Dropout
3663,3664,Enrolled
3664,3665,Graduate
3665,3666,Dropout
3666,3667,Graduate
3667,3668,Graduate
3668,3669,Enrolled
3669,3670,Graduate
3670,3671,Graduate
3671,3672,Graduate
3672,3673,Graduate
3673,3674,Graduate
3674,3675,Enrolled
3675,3676,Dropout
3676,3677,Enrolled
3677,3678,Dropout
3678,3679,Enrolled
3679,3680,Graduate
3680,3681,Graduate
3681,3682,Graduate
3682,3683,Dropout
3683,3684,Graduate
3684,3685,Graduate
3685,3686,Graduate
3686,3687,Graduate
3687,3688,Graduate
3688,3689,Graduate
3689,3690,Graduate
3690,3691,Graduate
3691,3692,Graduate
3692,3693,Dropout
3693,3694,Graduate
3694,3695,Dropout
3695,3696,Dropout
3696,3697,Dropout
3697,3698,Graduate
3698,3699,Graduate
3699,3700,Dropout
3700,3701,Graduate
3701,3702,Enrolled
3702,3703,Dropout
3703,3704,Graduate
3704,3705,Enrolled
3705,3706,Graduate
3706,3707,Graduate
3707,3708,Graduate
3708,3709,Graduate
3709,3710,Graduate
3710,3711,Graduate
3711,3712,Dropout
3712,3713,Graduate
3713,3714,Enrolled
3714,3715,Graduate
3715,3716,Graduate
3716,3717,Dropout
3717,3718,Graduate
3718,3719,Graduate
3719,3720,Graduate
3720,3721,Graduate
3721,3722,Dropout
3722,3723,Dropout
3723,3724,Graduate
3724,3725,Dropout
3725,3726,Graduate
3726,3727,Enrolled
3727,3728,Dropout
3728,3729,Dropout
3729,3730,Enrolled
3730,3731,Graduate
3731,3732,Dropout
3732,3733,Graduate
3733,3734,Graduate
3734,3735,Graduate
3735,3736,Enrolled
3736,3737,Dropout
3737,3738,Dropout
3738,3739,Graduate
3739,3740,Graduate
3740,3741,Dropout
3741,3742,Graduate
3742,3743,Graduate
3743,3744,Graduate
3744,3745,Graduate
3745,3746,Graduate
3746,3747,Graduate
3747,3748,Graduate
3748,3749,Graduate
3749,3750,Enrolled
3750,3751,Enrolled
3751,3752,Dropout
3752,3753,Enrolled
3753,3754,Dropout
3754,3755,Graduate
3755,3756,Dropout
3756,3757,Dropout
3757,3758,Graduate
3758,3759,Graduate
3759,3760,Graduate
3760,3761,Graduate
3761,3762,Graduate
3762,3763,Enrolled
3763,3764,Graduate
3764,3765,Graduate
3765,3766,Dropout
3766,3767,Graduate
3767,3768,Enrolled
3768,3769,Dropout
3769,3770,Graduate
3770,3771,Graduate
3771,3772,Graduate
3772,3773,Graduate
3773,3774,Dropout
3774,3775,Dropout
3775,3776,Graduate
3776,3777,Graduate
3777,3778,Graduate
3778,3779,Graduate
3779,3780,Graduate
3780,3781,Enrolled
3781,3782,Graduate
3782,3783,Enrolled
3783,3784,Graduate
3784,3785,Graduate
3785,3786,Graduate
3786,3787,Enrolled
3787,3788,Graduate
3788,3789,Dropout
3789,3790,Graduate
3790,3791,Dropout
3791,3792,Graduate
3792,3793,Graduate
3793,3794,Dropout
3794,3795,Graduate
3795,3796,Dropout
3796,3797,Graduate
3797,3798,Graduate
3798,3799,Graduate
3799,3800,Graduate
3800,3801,Graduate
3801,3802,Graduate
3802,3803,Dropout
3803,3804,Graduate
3804,3805,Dropout
3805,3806,Enrolled
3806,3807,Graduate
3807,3808,Dropout
3808,3809,Enrolled
3809,3810,Dropout
3810,3811,Dropout
3811,3812,Enrolled
3812,3813,Graduate
3813,3814,Graduate
3814,3815,Graduate
3815,3816,Dropout
3816,3817,Dropout
3817,3818,Graduate
3818,3819,Enrolled
3819,3820,Graduate
3820,3821,Graduate
3821,3822,Dropout
3822,3823,Graduate
3823,3824,Graduate
3824,3825,Graduate
3825,3826,Graduate
3826,3827,Graduate
3827,3828,Dropout
3828,3829,Graduate
3829,3830,Dropout
3830,3831,Graduate
3831,3832,Enrolled
3832,3833,Graduate
3833,3834,Enrolled
3834,3835,Enrolled
3835,3836,Dropout
3836,3837,Graduate
3837,3838,Graduate
3838,3839,Dropout
3839,3840,Graduate
3840,3841,Graduate
3841,3842,Dropout
3842,3843,Dropout
3843,3844,Dropout
3844,3845,Enrolled
3845,3846,Enrolled
3846,3847,Dropout
3847,3848,Graduate
3848,3849,Dropout
3849,3850,Graduate
3850,3851,Dropout
3851,3852,Dropout
3852,3853,Enrolled
3853,3854,Graduate
3854,3855,Dropout
3855,3856,Graduate
3856,3857,Graduate
3857,3858,Graduate
3858,3859,Enrolled
3859,3860,Dropout
3860,3861,Graduate
3861,3862,Enrolled
3862,3863,Graduate
3863,3864,Graduate
3864,3865,Dropout
3865,3866,Graduate
3866,3867,Enrolled
3867,3868,Graduate
3868,3869,Enrolled
3869,3870,Enrolled
3870,3871,Graduate
3871,3872,Graduate
3872,3873,Dropout
3873,3874,Graduate
3874,3875,Dropout
3875,3876,Graduate
3876,3877,Dropout
3877,3878,Graduate
3878,3879,Enrolled
3879,3880,Graduate
3880,3881,Graduate
3881,3882,Dropout
3882,3883,Dropout
3883,3884,Graduate
3884,3885,Dropout
3885,3886,Dropout
3886,3887,Graduate
3887,3888,Dropout
3888,3889,Dropout
3889,3890,Dropout
3890,3891,Dropout
3891,3892,Graduate
3892,3893,Graduate
3893,3894,Enrolled
3894,3895,Enrolled
3895,3896,Graduate
3896,3897,Graduate
3897,3898,Graduate
3898,3899,Dropout
3899,3900,Dropout
3900,3901,Enrolled
3901,3902,Dropout
3902,3903,Graduate
3903,3904,Graduate
3904,3905,Dropout
3905,3906,Graduate
3906,3907,Enrolled
3907,3908,Enrolled
3908,3909,Graduate
3909,3910,Dropout
3910,3911,Enrolled
3911,3912,Graduate
3912,3913,Graduate
3913,3914,Graduate
3914,3915,Graduate
3915,3916,Graduate
3916,3917,Dropout
3917,3918,Dropout
3918,3919,Enrolled
3919,3920,Enrolled
3920,3921,Dropout
3921,3922,Graduate
3922,3923,Graduate
3923,3924,Graduate
3924,3925,Graduate
3925,3926,Dropout
3926,3927,Enrolled
3927,3928,Graduate
3928,3929,Dropout
3929,3930,Graduate
3930,3931,Dropout
3931,3932,Dropout
3932,3933,Enrolled
3933,3934,Dropout
3934,3935,Graduate
3935,3936,Dropout
3936,3937,Enrolled
3937,3938,Graduate
3938,3939,Graduate
3939,3940,Graduate
3940,3941,Graduate
3941,3942,Dropout
3942,3943,Graduate
3943,3944,Dropout
3944,3945,Graduate
3945,3946,Graduate
3946,3947,Dropout
3947,3948,Enrolled
3948,3949,Dropout
3949,3950,Graduate
3950,3951,Graduate
3951,3952,Dropout
3952,3953,Graduate
3953,3954,Graduate
3954,3955,Graduate
3955,3956,Graduate
3956,3957,Enrolled
3957,3958,Graduate
3958,3959,Graduate
3959,3960,Dropout
3960,3961,Graduate
3961,3962,Enrolled
3962,3963,Graduate
3963,3964,Graduate
3964,3965,Dropout
3965,3966,Enrolled
3966,3967,Graduate
3967,3968,Graduate
3968,3969,Dropout
3969,3970,Graduate
3970,3971,Graduate
3971,3972,Enrolled
3972,3973,Graduate
3973,3974,Dropout
3974,3975,Dropout
3975,3976,Graduate
3976,3977,Graduate
3977,3978,Dropout
3978,3979,Graduate
3979,3980,Graduate
3980,3981,Graduate
3981,3982,Graduate
3982,3983,Graduate
3983,3984,Graduate
3984,3985,Graduate
3985,3986,Graduate
3986,3987,Graduate
3987,3988,Enrolled
3988,3989,Graduate
3989,3990,Graduate
3990,3991,Enrolled
3991,3992,Dropout
3992,3993,Dropout
3993,3994,Graduate
3994,3995,Graduate
3995,3996,Graduate
3996,3997,Graduate
3997,3998,Enrolled
3998,3999,Enrolled
3999,4000,Enrolled
4000,4001,Graduate
4001,4002,Dropout
4002,4003,Dropout
4003,4004,Enrolled
4004,4005,Graduate
4005,4006,Enrolled
4006,4007,Dropout
4007,4008,Graduate
4008,4009,Graduate
4009,4010,Enrolled
4010,4011,Graduate
4011,4012,Graduate
4012,4013,Dropout
4013,4014,Graduate
4014,4015,Graduate
4015,4016,Graduate
4016,4017,Graduate
4017,4018,Dropout
4018,4019,Graduate
4019,4020,Dropout
4020,4021,Graduate
4021,4022,Dropout
4022,4023,Dropout
4023,4024,Graduate
4024,4025,Dropout
4025,4026,Dropout
4026,4027,Graduate
4027,4028,Graduate
4028,4029,Graduate
4029,4030,Graduate
4030,4031,Graduate
4031,4032,Dropout
4032,4033,Graduate
4033,4034,Graduate
4034,4035,Dropout
4035,4036,Graduate
4036,4037,Graduate
4037,4038,Graduate
4038,4039,Graduate
4039,4040,Enrolled
4040,4041,Graduate
4041,4042,Dropout
4042,4043,Graduate
4043,4044,Enrolled
4044,4045,Dropout
4045,4046,Enrolled
4046,4047,Enrolled
4047,4048,Dropout
4048,4049,Graduate
4049,4050,Enrolled
4050,4051,Graduate
4051,4052,Graduate
4052,4053,Dropout
4053,4054,Dropout
4054,4055,Enrolled
4055,4056,Enrolled
4056,4057,Graduate
4057,4058,Graduate
4058,4059,Graduate
4059,4060,Graduate
4060,4061,Enrolled
4061,4062,Graduate
4062,4063,Enrolled
4063,4064,Graduate
4064,4065,Dropout
4065,4066,Graduate
4066,4067,Graduate
4067,4068,Dropout
4068,4069,Dropout
4069,4070,Graduate
4070,4071,Graduate
4071,4072,Enrolled
4072,4073,Graduate
4073,4074,Dropout
4074,4075,Graduate
4075,4076,Graduate
4076,4077,Dropout
4077,4078,Dropout
4078,4079,Graduate
4079,4080,Dropout
4080,4081,Enrolled
4081,4082,Graduate
4082,4083,Graduate
4083,4084,Dropout
4084,4085,Graduate
4085,4086,Graduate
4086,4087,Graduate
4087,4088,Graduate
4088,4089,Dropout
4089,4090,Graduate
4090,4091,Enrolled
4091,4092,Graduate
4092,4093,Graduate
4093,4094,Graduate
4094,4095,Graduate
4095,4096,Enrolled
4096,4097,Dropout
4097,4098,Enrolled
4098,4099,Graduate
4099,4100,Graduate
4100,4101,Enrolled
4101,4102,Graduate
4102,4103,Graduate
4103,4104,Graduate
4104,4105,Graduate
4105,4106,Dropout
4106,4107,Graduate
4107,4108,Graduate
4108,4109,Graduate
4109,4110,Enrolled
4110,4111,Graduate
4111,4112,Enrolled
4112,4113,Graduate
4113,4114,Graduate
4114,4115,Graduate
4115,4116,Enrolled
4116,4117,Graduate
4117,4118,Graduate
4118,4119,Dropout
4119,4120,Graduate
4120,4121,Dropout
4121,4122,Graduate
4122,4123,Graduate
4123,4124,Dropout
4124,4125,Dropout
4125,4126,Graduate
4126,4127,Graduate
4127,4128,Graduate
4128,4129,Graduate
4129,4130,Graduate
4130,4131,Graduate
4131,4132,Dropout
4132,4133,Enrolled
4133,4134,Graduate
4134,4135,Dropout
4135,4136,Enrolled
4136,4137,Dropout
4137,4138,Graduate
4138,4139,Graduate
4139,4140,Graduate
4140,4141,Graduate
4141,4142,Graduate
4142,4143,Graduate
4143,4144,Graduate
4144,4145,Dropout
4145,4146,Dropout
4146,4147,Graduate
4147,4148,Dropout
4148,4149,Enrolled
4149,4150,Dropout
4150,4151,Graduate
4151,4152,Dropout
4152,4153,Dropout
4153,4154,Graduate
4154,4155,Enrolled
4155,4156,Graduate
4156,4157,Graduate
4157,4158,Dropout
4158,4159,Enrolled
4159,4160,Dropout
4160,4161,Graduate
4161,4162,Graduate
4162,4163,Graduate
4163,4164,Graduate
4164,4165,Dropout
4165,4166,Graduate
4166,4167,Dropout
4167,4168,Enrolled
4168,4169,Graduate
4169,4170,Graduate
4170,4171,Graduate
4171,4172,Dropout
4172,4173,Graduate
4173,4174,Enrolled
4174,4175,Graduate
4175,4176,Graduate
4176,4177,Dropout
4177,4178,Dropout
4178,4179,Graduate
4179,4180,Dropout
4180,4181,Graduate
4181,4182,Enrolled
4182,4183,Graduate
4183,4184,Graduate
4184,4185,Graduate
4185,4186,Graduate
4186,4187,Graduate
4187,4188,Graduate
4188,4189,Dropout
4189,4190,Graduate
4190,4191,Enrolled
4191,4192,Dropout
4192,4193,Graduate
4193,4194,Graduate
4194,4195,Graduate
4195,4196,Enrolled
4196,4197,Graduate
4197,4198,Enrolled
4198,4199,Enrolled
4199,4200,Dropout
4200,4201,Dropout
4201,4202,Graduate
4202,4203,Graduate
4203,4204,Graduate
4204,4205,Graduate
4205,4206,Enrolled
4206,4207,Graduate
4207,4208,Graduate
4208,4209,Graduate
4209,4210,Dropout
4210,4211,Enrolled
4211,4212,Dropout
4212,4213,Graduate
4213,4214,Graduate
4214,4215,Graduate
4215,4216,Graduate
4216,4217,Graduate
4217,4218,Graduate
4218,4219,Dropout
4219,4220,Dropout
4220,4221,Dropout
4221,4222,Dropout
4222,4223,Enrolled
4223,4224,Dropout
4224,4225,Graduate
4225,4226,Enrolled
4226,4227,Graduate
4227,4228,Dropout
4228,4229,Graduate
4229,4230,Dropout
4230,4231,Graduate
4231,4232,Dropout
4232,4233,Graduate
4233,4234,Dropout
4234,4235,Dropout
4235,4236,Dropout
4236,4237,Dropout
4237,4238,Graduate
4238,4239,Dropout
4239,4240,Graduate
4240,4241,Graduate
4241,4242,Enrolled
4242,4243,Dropout
4243,4244,Dropout
4244,4245,Dropout
4245,4246,Graduate
4246,4247,Graduate
4247,4248,Enrolled
4248,4249,Dropout
4249,4250,Enrolled
4250,4251,Enrolled
4251,4252,Enrolled
4252,4253,Graduate
4253,4254,Enrolled
4254,4255,Enrolled
4255,4256,Dropout
4256,4257,Graduate
4257,4258,Graduate
4258,4259,Graduate
4259,4260,Dropout
4260,4261,Dropout
4261,4262,Graduate
4262,4263,Dropout
4263,4264,Dropout
4264,4265,Graduate
4265,4266,Enrolled
4266,4267,Graduate
4267,4268,Graduate
4268,4269,Dropout
4269,4270,Graduate
4270,4271,Graduate
4271,4272,Dropout
4272,4273,Graduate
4273,4274,Enrolled
4274,4275,Graduate
4275,4276,Dropout
4276,4277,Enrolled
4277,4278,Graduate
4278,4279,Graduate
4279,4280,Dropout
4280,4281,Dropout
4281,4282,Dropout
4282,4283,Dropout
4283,4284,Graduate
4284,4285,Dropout
4285,4286,Enrolled
4286,4287,Graduate
4287,4288,Dropout
4288,4289,Dropout
4289,4290,Dropout
4290,4291,Dropout
4291,4292,Dropout
4292,4293,Enrolled
4293,4294,Dropout
4294,4295,Graduate
4295,4296,Dropout
4296,4297,Graduate
4297,4298,Graduate
4298,4299,Graduate
4299,4300,Enrolled
4300,4301,Dropout
4301,4302,Dropout
4302,4303,Graduate
4303,4304,Enrolled
4304,4305,Dropout
4305,4306,Enrolled
4306,4307,Enrolled
4307,4308,Graduate
4308,4309,Dropout
4309,4310,Graduate
4310,4311,Graduate
4311,4312,Graduate
4312,4313,Graduate
4313,4314,Graduate
4314,4315,Graduate
4315,4316,Graduate
4316,4317,Graduate
4317,4318,Enrolled
4318,4319,Dropout
4319,4320,Graduate
4320,4321,Dropout
4321,4322,Graduate
4322,4323,Enrolled
4323,4324,Graduate
4324,4325,Dropout
4325,4326,Graduate
4326,4327,Graduate
4327,4328,Graduate
4328,4329,Dropout
4329,4330,Dropout
4330,4331,Dropout
4331,4332,Graduate
4332,4333,Graduate
4333,4334,Enrolled
4334,4335,Graduate
4335,4336,Graduate
4336,4337,Dropout
4337,4338,Graduate
4338,4339,Graduate
4339,4340,Graduate
4340,4341,Graduate
4341,4342,Enrolled
4342,4343,Dropout
4343,4344,Graduate
4344,4345,Graduate
4345,4346,Dropout
4346,4347,Dropout
4347,4348,Graduate
4348,4349,Enrolled
4349,4350,Graduate
4350,4351,Enrolled
4351,4352,Graduate
4352,4353,Graduate
4353,4354,Graduate
4354,4355,Enrolled
4355,4356,Graduate
4356,4357,Enrolled
4357,4358,Graduate
4358,4359,Enrolled
4359,4360,Dropout
4360,4361,Graduate
4361,4362,Graduate
4362,4363,Graduate
4363,4364,Enrolled
4364,4365,Graduate
4365,4366,Graduate
4366,4367,Dropout
4367,4368,Dropout
4368,4369,Enrolled
4369,4370,Graduate
4370,4371,Graduate
4371,4372,Enrolled
4372,4373,Graduate
4373,4374,Enrolled
4374,4375,Dropout
4375,4376,Graduate
4376,4377,Graduate
4377,4378,Graduate
4378,4379,Dropout
4379,4380,Graduate
4380,4381,Dropout
4381,4382,Graduate
4382,4383,Dropout
4383,4384,Graduate
4384,4385,Dropout
4385,4386,Graduate
4386,4387,Graduate
4387,4388,Graduate
4388,4389,Graduate
4389,4390,Graduate
4390,4391,Graduate
4391,4392,Graduate
4392,4393,Dropout
4393,4394,Graduate
4394,4395,Graduate
4395,4396,Graduate
4396,4397,Dropout
4397,4398,Dropout
4398,4399,Dropout
4399,4400,Dropout
4400,4401,Enrolled
